,StudentID,Name,Gender,AttendanceRate,StudyHoursPerWeek,PreviousGrade,ExtracurricularActivities,ParentalSupport,FinalGrade,Study Hours,Attendance (%),Online Classes Taken
0,1,John,Male,85.0,15.0,78.0,1.0,High,80.0,4.8,59.0,False
1,2,Sarah,Female,90.0,20.0,85.0,2.0,Medium,87.0,2.2,70.0,True
2,3,Alex,Male,78.0,10.0,65.0,0.0,Low,68.0,4.6,92.0,False
3,4,Michael,Male,92.0,25.0,90.0,3.0,High,92.0,2.9,96.0,False
4,5,Emma,Female,85.52494331065759,18.0,82.0,2.0,Medium,85.0,4.1,97.0,True
5,6,Olivia,Female,95.0,30.0,88.0,1.0,High,80.28977272727273,2.8,97.0,False
6,7,Daniel,Male,70.0,8.0,60.0,0.0,Low,62.0,4.5,96.0,False
7,8,Sophia,Female,85.52494331065759,17.0,77.0,1.0,Medium,78.0,1.0,70.0,True
8,9,James,Male,82.0,12.0,70.0,2.0,Low,72.0,3.6,50.0,False
9,10,Isabella,Female,91.0,22.0,86.0,3.0,High,88.0,2.9,59.0,True
10,11,Shannon Harrison,Male,88.0,25.0,90.0,0.0,High,87.0,3.4,84.0,True
11,12,Peter Davila,Male,85.0,20.0,77.73785310734463,3.0,Low,88.0,0.1,62.0,False
12,13,Katherine Gray,Female,91.0,18.0,78.0,0.0,Low,62.0,1.7,59.0,True
13,14,Megan Miller,Male,90.0,8.0,85.0,1.0,Medium,88.0,1.3,52.0,False
15,15,Derrick Alexander,Male,85.52494331065759,18.0,85.0,3.0,High,62.0,1.4,90.0,False
17,16,James Smith,Female,88.0,12.0,90.0,1.0,High,92.0,4.1,70.0,False
18,17,James Reynolds,Male,92.0,22.0,88.0,3.0,Low,78.0,2.0,91.0,False
19,18,Brittany Sutton,Female,78.0,25.0,70.0,2.0,Medium,88.0,2.1,87.0,False
20,19,Annette Medina,Male,78.0,12.0,77.0,2.0,High,87.0,0.8,60.0,False
21,20,James Duncan,Female,70.0,22.0,77.0,2.0,Medium,72.0,4.3,50.0,True
22,21,Donna Taylor,Female,95.0,20.0,82.0,1.0,High,78.0,0.0,96.0,False
23,22,David Robertson,Male,82.0,20.0,82.0,1.0,Low,80.28977272727273,0.8,98.0,True
24,23,Susan Brown,Male,91.0,30.0,77.0,1.0,High,90.0,4.4,69.0,True
25,24,Jessica Ortega,Male,91.0,20.0,77.73785310734463,1.0,High,72.0,3.8,58.0,False
26,25,Jeremy Hall,Female,85.52494331065759,17.547235023041473,60.0,3.0,Low,92.0,3.6,75.0,False
27,26,Peter Jones,Female,90.0,25.0,90.0,2.0,Medium,80.0,2.9,64.0,True
28,27,Michael Sampson,Male,85.0,25.0,77.73785310734463,1.0,Medium,87.0,2.6,67.0,False
29,28,Daniel Erickson,Male,91.0,22.0,77.0,3.0,Medium,62.0,1.0,56.0,False
30,29,David Aguilar,Female,70.0,17.0,78.0,2.0,High,80.28977272727273,3.6,56.0,True
31,30,Benjamin Vance,Male,82.0,17.0,65.0,0.0,High,85.0,2.3,54.0,False
32,31,Yolanda Chen,Male,82.0,15.0,85.0,3.0,High,80.28977272727273,2.4,63.0,False
33,32,Kristina Douglas,Unknown,85.52494331065759,15.0,60.0,2.0,Medium,85.0,2.1,96.0,False
34,33,Scott Davidson,Male,88.0,25.0,78.0,3.0,Low,72.0,0.3,70.0,True
35,34,Alexandra Harrington,Female,82.0,12.0,65.0,1.0,Low,87.0,4.3,54.0,True
36,35,Richard Johnson,Female,90.0,22.0,90.0,3.0,Low,80.0,3.1,76.0,False
38,36,Jerry Browning,Female,91.0,22.0,85.0,2.0,Low,92.0,2.5,58.0,False
39,37,Carrie Page,Male,95.0,18.0,65.0,1.0,Low,85.0,3.1,91.0,True
40,38,Michelle Benjamin,Male,78.0,18.0,85.0,2.0,Low,72.0,0.8,68.0,True
41,39,James Woods,Male,88.0,12.0,77.0,2.0,High,87.0,3.2,67.0,True
42,40,Angela Dunn,Female,78.0,18.0,65.0,1.0,Low,62.0,2.8,57.0,True
43,41,Nathan Riley,Male,95.0,22.0,70.0,0.0,Medium,68.0,0.2,73.0,True
44,42,Shelby Mahoney,Male,92.0,20.0,88.0,2.0,Medium,88.0,3.7,65.0,True
45,43,Andrea Frey,Female,85.0,10.0,88.0,0.0,Low,92.0,1.3,100.0,True
46,44,Justin Martin,Male,85.0,25.0,90.0,1.0,Medium,85.0,4.1,64.0,True
47,45,Mark Hartman,Male,70.0,30.0,82.0,2.0,Medium,90.0,3.2,75.0,False
48,46,Antonio Hansen,Male,88.0,10.0,86.0,2.0,High,87.0,3.0,72.0,False
49,47,Lynn Anderson,Male,70.0,22.0,90.0,2.0,High,62.0,0.0,84.0,True
50,48,Michael Cooley,Female,90.0,30.0,86.0,1.0,Low,87.0,3.6,69.0,False
51,49,Mitchell Sanders,Female,70.0,18.0,70.0,0.0,High,62.0,3.3,74.0,True
52,50,Maria Cross,Female,82.0,17.547235023041473,82.0,1.0,High,62.0,3.9,88.0,False
53,51,Lisa Castillo,Female,85.0,25.0,70.0,1.0,Low,68.0,3.3,68.0,False
54,52,Theresa Rodriguez,Male,88.0,25.0,90.0,0.0,High,80.0,1.2,80.0,True
55,53,Kimberly Wood,Female,91.0,25.0,60.0,1.0,Medium,92.0,0.7,94.0,True
56,54,Patricia Cox,Female,92.0,10.0,70.0,1.0,High,72.0,1.2,57.0,False
57,55,Kimberly Blair,Female,82.0,12.0,86.0,1.0,Medium,88.0,4.1,82.0,False
58,56,Jason Ramirez,Female,78.0,17.0,77.0,2.0,High,85.0,3.8,83.0,False
59,57,Gail Dudley,Female,85.0,20.0,82.0,3.0,Medium,90.0,1.6,84.0,True
60,58,John West,Male,92.0,8.0,65.0,3.0,High,62.0,2.0,84.0,False
61,59,Patricia Carr,Male,92.0,8.0,60.0,3.0,Low,80.0,4.3,98.0,False
62,60,David Nunez,Male,95.0,18.0,60.0,0.0,Low,72.0,4.0,64.0,False
63,61,Collin Peterson,Female,70.0,17.0,78.0,0.0,Medium,62.0,3.6,79.0,True
64,62,Rebecca Smith,Male,70.0,22.0,86.0,1.0,High,62.0,0.7,79.0,True
65,63,Lisa Benjamin,Female,70.0,30.0,90.0,1.0,Medium,90.0,3.8,76.35949943117178,False
66,64,Desiree Reyes,Female,90.0,17.0,78.0,2.0,High,90.0,1.1,54.0,True
67,65,Megan Diaz,Male,92.0,15.0,86.0,0.0,High,68.0,2.4,57.0,True
68,66,Joseph Adams,Female,95.0,10.0,86.0,3.0,Low,87.0,3.9,60.0,False
69,67,Sharon Watson,Male,88.0,22.0,60.0,0.0,Low,92.0,0.4,94.0,True
70,68,Tiffany Smith,Female,91.0,20.0,86.0,1.0,Medium,72.0,2.1,73.0,True
71,69,Alexander Preston,Female,85.0,8.0,77.0,2.0,Medium,90.0,3.2,79.0,True
72,70,Randall Hickman,Male,82.0,18.0,86.0,2.0,Medium,78.0,2.2,96.0,False
73,71,David Hernandez,Male,90.0,18.0,77.0,3.0,Medium,88.0,3.1,74.0,False
74,72,Michelle Jones,Female,95.0,10.0,77.0,3.0,Medium,85.0,0.0,100.0,False
75,73,Tonya Gonzalez,Male,90.0,25.0,60.0,1.0,Low,92.0,3.5,91.0,False
76,74,Sarah Johnson,Male,90.0,18.0,90.0,0.0,Low,92.0,1.5,87.0,False
77,75,Grace Valencia,Female,70.0,12.0,88.0,1.0,Low,78.0,1.4,66.0,True
78,76,Sarah Young,Male,95.0,20.0,70.0,0.0,High,92.0,3.7,67.0,False
79,77,Gerald Weber,Male,88.0,25.0,88.0,1.0,Medium,80.0,3.5,58.0,False
80,78,Gregory Turner,Male,82.0,18.0,77.73785310734463,1.0,High,80.0,2.9,80.0,False
81,79,Laura Cortez,Female,78.0,15.0,82.0,1.0,High,87.0,2.0,54.0,True
82,80,Lori Miller,Male,91.0,18.0,85.0,3.0,High,72.0,3.8,88.0,True
83,81,Lori Gomez PhD,Female,85.0,17.0,82.0,3.0,Medium,85.0,2.8,53.0,True
84,82,Dawn Foster,Male,88.0,20.0,65.0,1.0,High,72.0,0.4,50.0,False
85,83,Peter Welch,Female,88.0,15.0,90.0,2.0,Low,80.28977272727273,3.5,79.0,True
86,84,Maria Carter,Female,91.0,25.0,60.0,2.0,Low,92.0,3.2,67.0,True
87,85,Daniel Hood,Male,78.0,18.0,86.0,3.0,Medium,78.0,0.6,94.0,False
88,86,Amanda Hernandez,Female,82.0,12.0,77.0,1.0,High,88.0,0.2,77.0,False
89,87,Alyssa Schmidt,Unknown,90.0,25.0,86.0,3.0,High,85.0,2.9,98.0,True
90,88,Taylor Merritt DVM,Female,88.0,10.0,86.0,0.0,Low,78.0,4.8,80.0,False
91,89,Alyssa Smith,Unknown,95.0,20.0,65.0,1.0,Medium,78.0,1.4,75.0,True
92,90,Nathan Navarro,Male,95.0,18.0,88.0,2.0,Medium,72.0,4.1,50.0,False
93,91,Lisa Zimmerman,Male,92.0,12.0,88.0,3.0,Medium,78.0,3.8,63.0,False
94,92,Jeffrey Howard,Male,88.0,17.0,77.0,2.0,High,88.0,2.4370535714285713,95.0,True
95,93,Morgan Bell,Male,82.0,17.547235023041473,85.0,1.0,High,78.0,4.7,91.0,True
96,94,Angelica Steele,Female,82.0,18.0,60.0,1.0,Medium,92.0,2.3,59.0,False
97,95,Gregory Daniels,Male,90.0,18.0,60.0,1.0,Low,85.0,4.1,68.0,False
98,96,Eric Davis,Male,85.0,12.0,77.0,1.0,Medium,72.0,3.8,74.0,False
100,97,Ruth Davis,Male,85.0,15.0,65.0,2.0,Low,90.0,4.3,78.0,True
101,98,Emily Torres,Unknown,85.0,17.547235023041473,60.0,0.0,High,78.0,3.9,66.0,False
102,99,Nancy Davis,Unknown,95.0,12.0,60.0,1.0,Low,78.0,4.4,52.0,True
103,100,Amanda Bowers,Female,92.0,20.0,60.0,1.0,Low,87.0,2.2,94.0,False
104,101,Alison Lang,Male,95.0,15.0,82.0,1.0,Medium,62.0,0.7,83.0,False
105,102,Matthew Massey,Male,78.0,20.0,86.0,1.0,Low,92.0,2.5,76.35949943117178,True
106,103,James Anderson,Unknown,88.0,17.0,82.0,1.0,Medium,85.0,3.4,60.0,True
107,104,Robert Howard,Female,91.0,18.0,60.0,2.0,Medium,85.0,1.0,74.0,False
108,105,Rebecca Brown,Male,70.0,22.0,88.0,3.0,Medium,85.0,0.1,92.0,False
109,106,Kimberly Harrison,Male,91.0,15.0,86.0,1.0,Medium,92.0,3.0,72.0,True
110,107,Derek Parks,Female,78.0,20.0,78.0,2.0,Medium,80.0,2.9,76.35949943117178,True
111,108,Jennifer Baker,Female,95.0,8.0,65.0,3.0,High,72.0,4.4,73.0,False
112,109,Diana Schultz,Female,85.0,18.0,88.0,2.0,Medium,87.0,0.7,64.0,False
113,110,Mrs. Jill Long,Male,70.0,15.0,82.0,1.0,High,78.0,1.8,97.0,False
114,111,Heather Johnson,Female,90.0,25.0,77.0,1.0,Low,72.0,1.6,89.0,True
115,112,Robert Lowery,Female,88.0,8.0,85.0,0.0,High,80.0,1.5,81.0,True
116,113,Unknown,Male,82.0,10.0,60.0,1.0,Medium,72.0,2.1,97.0,True
117,114,Angela Williams,Unknown,85.0,22.0,60.0,2.0,High,80.28977272727273,1.1,78.0,True
118,115,Brent Burns,Male,95.0,12.0,88.0,1.0,Medium,85.0,0.9,57.0,False
119,116,Melissa Barber,Male,91.0,15.0,78.0,1.0,High,68.0,3.9,63.0,True
120,117,John Warner,Male,92.0,30.0,65.0,3.0,High,80.28977272727273,4.3,59.0,True
121,118,Christopher Baxter,Female,78.0,17.547235023041473,78.0,0.0,High,90.0,3.9,65.0,False
122,119,Courtney Haas,Male,88.0,15.0,65.0,0.0,Low,87.0,3.7,80.0,False
123,120,Sarah Ross,Male,85.0,12.0,90.0,3.0,High,72.0,1.5,91.0,True
124,121,Manuel Baker,Female,70.0,8.0,85.0,1.0,Low,80.28977272727273,0.4,55.0,False
125,122,Jessica Lamb,Male,78.0,18.0,86.0,1.0,Low,90.0,0.0,100.0,False
126,123,Jaime Nguyen,Female,90.0,20.0,70.0,3.0,Medium,78.0,4.4,76.0,False
128,124,Christina Thompson,Male,90.0,20.0,60.0,2.0,Low,90.0,4.1,85.0,True
129,125,Shari Harrell,Male,70.0,17.547235023041473,60.0,1.0,Medium,88.0,1.6,56.0,True
130,126,Tracy Gibbs,Female,92.0,20.0,88.0,2.0,Medium,87.0,3.8,86.0,True
131,127,David Hoffman,Male,91.0,17.547235023041473,78.0,0.0,Medium,85.0,4.6,72.0,True
132,128,Robert Davis,Male,91.0,8.0,85.0,0.0,Low,80.0,0.5,83.0,True
133,129,Patricia Greer,Female,85.0,30.0,77.73785310734463,1.0,Medium,90.0,3.9,86.0,True
134,130,James Stewart,Male,78.0,22.0,78.0,2.0,Medium,78.0,3.3,81.0,False
135,131,Brent Mendoza,Female,92.0,12.0,85.0,1.0,Medium,87.0,1.4,93.0,False
136,132,Dawn Taylor,Female,85.0,25.0,60.0,3.0,High,80.0,1.0,63.0,True
137,133,Larry Brown,Female,95.0,20.0,78.0,1.0,Low,62.0,0.9,74.0,True
138,134,Miss Teresa Hernandez MD,Female,90.0,8.0,78.0,0.0,High,78.0,4.6,70.0,False
139,135,Edward Baker,Female,88.0,20.0,60.0,1.0,Medium,68.0,4.0,89.0,False
140,136,Diana Gould,Male,70.0,20.0,90.0,0.0,Low,62.0,2.6,75.0,False
141,137,Amy Rodriguez,Male,95.0,10.0,85.0,2.0,Low,80.28977272727273,2.7,62.0,False
142,138,Paul Hull,Male,92.0,20.0,65.0,2.0,High,68.0,3.0,98.0,True
143,139,Allison Hamilton,Female,85.0,22.0,86.0,1.0,Low,88.0,3.2,89.0,False
144,140,John King,Male,85.0,20.0,77.0,1.0,Low,85.0,4.0,87.0,True
145,141,Tristan Avila,Male,88.0,17.0,77.0,1.0,High,90.0,4.2,54.0,True
146,142,Connie Cooper,Female,85.0,22.0,70.0,1.0,Medium,88.0,3.3,70.0,False
147,143,Judith Santos,Male,85.0,17.0,85.0,1.0,Low,87.0,2.5,61.0,True
148,144,Michaela Powell,Female,85.0,12.0,70.0,3.0,High,90.0,0.0,100.0,False
149,145,Lawrence Roberts,Female,91.0,15.0,88.0,2.0,Medium,87.0,2.8,74.0,False
150,146,Nicholas Robinson DDS,Male,95.0,20.0,86.0,0.0,Medium,85.0,4.8,94.0,False
151,147,Jill Smith,Male,88.0,12.0,60.0,1.0,High,72.0,0.5,92.0,False
152,148,Michael Burns,Female,85.0,30.0,82.0,0.0,High,90.0,4.7,81.0,True
153,149,Adam Weaver,Male,78.0,20.0,82.0,2.0,Low,72.0,4.2,83.0,True
154,150,Melvin Mcgee,Male,91.0,8.0,65.0,0.0,High,88.0,4.0,60.0,False
155,151,William Banks,Female,95.0,25.0,77.0,3.0,Medium,78.0,1.2,65.0,False
156,152,Dawn Morton,Male,95.0,22.0,77.73785310734463,1.0,Medium,80.28977272727273,2.5,76.0,True
157,153,Frank Dawson,Male,85.52494331065759,15.0,77.0,1.0,Low,87.0,3.6,83.0,True
158,154,Gregory Davila,Male,78.0,18.0,77.0,2.0,High,62.0,0.5,64.0,False
159,155,Rebekah Finley,Male,70.0,15.0,60.0,2.0,Medium,92.0,1.9,55.0,False
160,156,Robert Martinez,Male,95.0,20.0,88.0,0.0,High,80.0,1.4,80.0,True
161,157,Steven Crawford,Female,91.0,15.0,85.0,1.0,Medium,92.0,4.2,85.0,False
162,158,Leslie King,Female,92.0,17.547235023041473,85.0,1.0,High,80.28977272727273,3.2,89.0,False
163,159,George Cannon,Male,85.0,22.0,70.0,1.0,Low,72.0,2.9,95.0,True
164,160,Adam Carlson,Female,85.0,22.0,88.0,3.0,High,62.0,0.9,92.0,True
165,161,Stephanie Lawrence,Female,90.0,12.0,70.0,2.0,Low,72.0,0.1,80.0,True
166,162,Unknown,Female,88.0,15.0,88.0,2.0,Medium,92.0,3.7,90.0,True
167,163,Adam Blackwell,Male,85.0,30.0,70.0,1.0,Low,68.0,4.2,93.0,False
168,164,Andrew Owens,Male,78.0,20.0,77.0,1.0,Medium,92.0,0.2,62.0,True
169,165,John Sexton,Female,82.0,8.0,70.0,1.0,Medium,80.0,3.8,76.35949943117178,False
171,166,Leon Nguyen,Female,85.0,30.0,70.0,2.0,High,62.0,0.4,88.0,True
172,167,John White,Female,95.0,20.0,85.0,1.0,Low,85.0,1.5,88.0,False
173,168,Justin Martinez,Female,95.0,17.0,78.0,1.0,Low,62.0,1.4,100.0,True
174,169,Nathaniel Kemp,Female,85.52494331065759,12.0,65.0,1.0,High,88.0,3.4,78.0,True
175,170,Jacob Murray,Male,92.0,30.0,88.0,0.0,Low,80.0,3.0,93.0,False
176,171,Anthony Green,Female,85.0,20.0,86.0,0.0,Low,90.0,2.0,91.0,False
177,172,Trevor Freeman,Male,85.0,17.547235023041473,77.0,2.0,Medium,72.0,2.4370535714285713,99.0,False
178,173,Michael Smith,Male,91.0,18.0,77.0,3.0,High,68.0,4.3,78.0,True
179,174,William Hogan,Male,95.0,30.0,85.0,2.0,Low,85.0,4.5,60.0,True
180,175,Unknown,Male,90.0,25.0,65.0,3.0,Medium,80.0,1.8,86.0,False
181,176,Unknown,Male,91.0,20.0,85.0,2.0,Medium,78.0,2.6,99.0,False
182,177,Joshua Juarez,Male,95.0,20.0,77.0,1.0,High,72.0,1.7,99.0,True
183,178,Keith Wu,Female,82.0,15.0,85.0,2.0,High,85.0,0.8,70.0,True
184,179,Ryan Williams,Female,90.0,18.0,90.0,1.0,High,68.0,3.1,89.0,True
185,180,Ronald Stewart,Male,91.0,22.0,65.0,0.0,Low,88.0,3.6,88.0,False
186,181,Ronald Schmidt,Male,90.0,15.0,86.0,2.0,Low,92.0,3.8,76.0,True
187,182,Courtney Bradley,Female,88.0,17.0,90.0,0.0,Medium,78.0,0.4,53.0,True
188,183,Deanna Gonzalez,Female,85.0,17.0,90.0,1.0,Low,68.0,1.6,95.0,False
189,184,Darrell Adams,Female,78.0,30.0,70.0,2.0,High,90.0,1.2,57.0,False
190,185,Michael Mata,Male,78.0,20.0,78.0,2.0,Medium,88.0,2.1,60.0,True
191,186,Anthony Dunn,Male,78.0,17.0,77.73785310734463,1.0,Medium,85.0,2.5,55.0,False
193,187,Jill Williams,Male,90.0,8.0,65.0,2.0,Low,90.0,3.8,73.0,True
194,188,Julia Russell,Male,91.0,12.0,90.0,1.0,Low,85.0,0.4,82.0,False
196,189,Tonya Thompson,Female,82.0,15.0,78.0,1.0,High,90.0,4.0,83.0,False
197,190,Brandon Williamson,Male,95.0,17.547235023041473,88.0,0.0,Medium,80.28977272727273,2.4370535714285713,69.0,False
198,191,Joseph Davis,Female,91.0,18.0,77.73785310734463,1.0,Medium,90.0,3.4,76.0,False
199,192,Elizabeth Andersen,Female,88.0,22.0,86.0,3.0,Low,80.0,2.9,60.0,False
200,193,Jeffrey Meyers,Unknown,85.0,22.0,85.0,3.0,High,78.0,1.6,59.0,False
201,194,Christopher Jones,Female,82.0,22.0,77.0,1.0,Low,68.0,2.6,85.0,False
202,195,Aimee Rogers,Female,95.0,10.0,77.0,2.0,Medium,72.0,2.4370535714285713,99.0,False
203,196,Alexis Bates,Male,92.0,18.0,70.0,2.0,High,85.0,3.9,95.0,True
204,197,Michael Evans,Female,85.0,30.0,70.0,2.0,Medium,87.0,2.4370535714285713,76.35949943117178,False
205,198,Omar Gonzalez,Female,78.0,18.0,78.0,2.0,Low,87.0,1.7,78.0,False
206,199,Melissa Perry,Male,92.0,12.0,82.0,2.0,Low,85.0,0.7,89.0,True
207,200,Dawn Torres,Male,82.0,25.0,90.0,1.0,High,62.0,1.7,80.0,True
208,201,Timothy Dean,Male,82.0,17.547235023041473,60.0,1.0,Medium,92.0,3.8,68.0,False
209,202,Anna Rollins MD,Male,90.0,22.0,90.0,2.0,Low,80.0,4.6,61.0,False
210,203,Timothy Barrera,Male,70.0,17.0,65.0,2.0,High,80.0,1.5,76.35949943117178,True
211,204,Susan Morris,Female,85.0,12.0,70.0,1.0,High,72.0,2.3,62.0,True
212,205,Gordon Merritt,Male,85.0,18.0,65.0,1.0,Low,90.0,4.0,86.0,True
213,206,Kristy Rhodes,Female,70.0,12.0,88.0,2.0,Medium,87.0,0.9,58.0,False
215,207,Ms. Marissa Ramirez,Female,92.0,15.0,85.0,1.0,High,68.0,2.0,82.0,False
216,208,Paul Hickman,Unknown,95.0,22.0,90.0,3.0,High,78.0,0.8,97.0,False
217,209,Mrs. Kathy Woodward,Female,82.0,25.0,90.0,3.0,High,72.0,2.2,95.0,False
218,210,Alexis Horn,Male,85.0,12.0,70.0,3.0,Low,72.0,0.7,70.0,False
219,211,Shannon Harris DDS,Male,91.0,17.0,85.0,2.0,Medium,80.0,2.3,82.0,False
220,212,Alicia Ortiz,Male,82.0,17.0,82.0,1.0,Medium,85.0,0.0,100.0,True
222,213,Alexis Walton,Female,78.0,10.0,60.0,1.0,Medium,80.28977272727273,4.3,74.0,False
224,214,Gina Palmer,Female,85.0,12.0,60.0,2.0,Medium,92.0,1.2,72.0,True
225,215,Jean Moreno,Male,90.0,15.0,60.0,3.0,High,80.28977272727273,1.0,56.0,True
226,216,David Anderson,Male,92.0,15.0,60.0,1.0,High,72.0,1.1,99.0,True
227,217,Brian Huffman,Female,92.0,22.0,77.73785310734463,3.0,Low,90.0,1.2,59.0,True
228,218,Jose Liu,Unknown,88.0,15.0,70.0,3.0,Low,68.0,3.1,77.0,False
229,219,Cathy Pratt,Female,85.52494331065759,12.0,88.0,0.0,Medium,68.0,1.5,61.0,False
230,220,Kathy Sandoval,Male,88.0,10.0,77.0,1.0,Low,62.0,4.8,85.0,True
231,221,Michael Webb,Male,88.0,25.0,88.0,2.0,Medium,90.0,0.5,96.0,True
232,222,Ronnie Taylor,Female,70.0,22.0,86.0,1.0,High,92.0,4.0,87.0,True
233,223,Matthew Miller,Male,95.0,18.0,78.0,3.0,High,87.0,3.7,98.0,False
234,224,Shelly Hurley,Male,70.0,25.0,70.0,1.0,Medium,62.0,2.3,91.0,False
235,225,Mr. Martin Dominguez MD,Female,95.0,12.0,77.0,1.0,High,78.0,3.8,70.0,True
236,226,Jennifer Wiggins,Female,70.0,17.547235023041473,86.0,3.0,Low,68.0,0.1,85.0,False
237,227,Anthony Smith,Male,92.0,30.0,90.0,0.0,Low,92.0,2.5,91.0,False
238,228,John Lopez,Female,85.0,17.0,65.0,1.0,High,68.0,3.6,81.0,True
239,229,Nathan Rodgers,Male,82.0,15.0,85.0,1.0,High,62.0,0.7,90.0,True
240,230,Martin Walker,Male,85.0,25.0,70.0,1.0,Medium,80.0,3.1,92.0,False
241,231,Jesus Wood,Male,85.0,12.0,70.0,0.0,High,80.0,2.6,67.0,False
242,232,Kelly Bell,Female,78.0,20.0,85.0,2.0,High,92.0,1.0,83.0,False
243,233,Kathryn Randall,Female,70.0,20.0,88.0,0.0,Medium,88.0,1.2,94.0,True
244,234,Sarah Norris,Male,85.0,20.0,60.0,0.0,Medium,72.0,2.4,90.0,True
245,235,Matthew Adams,Male,85.0,8.0,77.73785310734463,3.0,High,72.0,4.6,64.0,True
246,236,William Wade,Female,85.0,20.0,82.0,2.0,Low,80.0,0.9,70.0,True
248,237,Teresa Sanders,Male,90.0,12.0,88.0,1.0,High,62.0,1.2,54.0,False
249,238,Richard Oneal,Female,85.0,18.0,77.0,1.0,High,90.0,2.8,74.0,False
250,239,Christine Cooper,Female,90.0,22.0,82.0,3.0,Low,87.0,0.4,59.0,False
251,240,Michael Foster,Female,95.0,30.0,77.73785310734463,2.0,High,85.0,0.0,100.0,False
252,241,Loretta Gonzalez,Male,90.0,10.0,60.0,1.0,Low,72.0,2.6,56.0,True
253,242,Douglas Ingram,Female,82.0,20.0,86.0,3.0,Medium,62.0,0.1,76.0,False
254,243,Randy Anderson,Male,91.0,12.0,65.0,0.0,High,68.0,1.3,67.0,False
255,244,Donna Shaw,Male,78.0,8.0,82.0,0.0,Medium,78.0,3.9,73.0,False
256,245,Joseph Holt,Female,91.0,22.0,90.0,1.0,High,68.0,2.4370535714285713,75.0,False
257,246,Taylor Acosta,Female,85.0,30.0,60.0,3.0,High,85.0,1.6,94.0,True
258,247,Danielle Scott,Female,78.0,8.0,88.0,2.0,Low,78.0,4.8,100.0,True
259,248,Melissa Aguirre,Female,88.0,8.0,88.0,2.0,Low,92.0,3.0,84.0,True
260,249,Cassandra Snyder,Female,92.0,17.0,82.0,2.0,Medium,80.28977272727273,0.7,69.0,True
261,250,Kimberly Lambert,Male,70.0,8.0,85.0,1.0,Low,78.0,2.9,84.0,False
262,251,Rebecca Mendoza DDS,Male,95.0,12.0,86.0,2.0,High,92.0,3.3,72.0,True
263,252,Michael Anderson,Female,95.0,8.0,85.0,1.0,High,85.0,1.1,97.0,True
264,253,Hannah Gentry,Female,70.0,17.0,86.0,2.0,High,90.0,5.0,80.0,True
265,254,Patrick Reed,Female,90.0,20.0,65.0,1.0,Medium,90.0,2.3,63.0,False
266,255,Tiffany Huff,Female,90.0,17.547235023041473,77.0,1.0,High,85.0,0.2,95.0,True
267,256,Thomas Lee,Female,90.0,10.0,90.0,2.0,High,72.0,0.8,85.0,False
268,257,Justin Clark,Male,70.0,10.0,65.0,1.0,Medium,80.0,3.7,62.0,False
269,258,Michael Martinez,Female,85.0,25.0,90.0,2.0,Low,87.0,2.9,84.0,True
270,259,Vincent Smith,Female,85.52494331065759,17.0,85.0,2.0,Low,78.0,2.6,90.0,False
271,260,Sean Hull,Female,91.0,20.0,88.0,1.0,Medium,88.0,0.9,93.0,False
272,261,Sarah Welch,Male,95.0,20.0,90.0,2.0,High,68.0,1.9,59.0,False
273,262,Mr. Stephen Gilmore,Male,91.0,8.0,60.0,0.0,Medium,72.0,3.5,91.0,True
274,263,Barry Parker,Female,85.52494331065759,10.0,65.0,1.0,Medium,88.0,2.4370535714285713,72.0,True
275,264,Joshua Kane,Male,92.0,8.0,70.0,2.0,Low,78.0,2.0,81.0,False
276,265,Anthony Wright,Female,78.0,20.0,86.0,1.0,High,85.0,0.2,64.0,False
277,266,Nathaniel Lopez,Female,91.0,17.0,70.0,2.0,High,88.0,0.6,99.0,False
278,267,Darlene Fletcher,Male,85.0,12.0,90.0,0.0,High,92.0,1.5,76.35949943117178,False
279,268,Christopher Moore,Female,90.0,17.0,85.0,3.0,High,88.0,3.4,95.0,False
280,269,Benjamin White,Male,92.0,25.0,78.0,3.0,Medium,72.0,2.4370535714285713,84.0,True
281,270,Jenny Coleman,Female,88.0,22.0,82.0,1.0,Low,87.0,0.7,98.0,False
282,271,Michael Gomez,Female,78.0,10.0,90.0,0.0,Low,90.0,4.1,98.0,False
283,272,Caleb Serrano,Male,91.0,18.0,60.0,0.0,Medium,87.0,3.2,99.0,True
284,273,William Carlson,Female,95.0,17.0,77.0,1.0,Low,80.0,4.3,96.0,True
285,274,Timothy Pruitt,Female,90.0,12.0,60.0,3.0,Medium,92.0,2.5,70.0,False
286,275,Mario Johnston,Male,91.0,17.0,88.0,1.0,High,87.0,3.1,79.0,True
287,276,Rebecca Kim,Male,85.0,17.0,78.0,0.0,High,68.0,4.4,76.35949943117178,True
288,277,Joyce Williams,Male,95.0,18.0,85.0,1.0,Low,68.0,0.3,90.0,False
289,278,Cynthia Sloan,Female,90.0,20.0,78.0,1.0,Medium,87.0,0.7,64.0,False
291,279,Unknown,Female,95.0,18.0,65.0,0.0,High,68.0,0.3,86.0,True
292,280,Patricia Williams,Female,95.0,25.0,65.0,0.0,Low,78.0,4.3,55.0,True
293,281,Michael Payne,Male,91.0,8.0,88.0,0.0,Medium,68.0,1.2,91.0,True
294,282,Brooke Friedman,Female,85.0,18.0,90.0,2.0,Low,72.0,0.9,75.0,False
295,283,Daniel Mathis,Male,85.0,8.0,85.0,3.0,Medium,88.0,0.4,50.0,False
296,284,Lynn Jennings,Unknown,70.0,22.0,60.0,1.0,Low,68.0,3.8,99.0,True
297,285,Kimberly Randolph,Male,85.0,18.0,90.0,1.0,High,62.0,2.5,90.0,False
298,286,Jack Simmons,Female,90.0,12.0,70.0,3.0,High,85.0,0.4,55.0,True
299,287,Daniel Mendez,Female,70.0,22.0,85.0,2.0,Low,62.0,3.6,65.0,True
300,288,Travis Lawson,Male,70.0,20.0,77.0,3.0,Low,80.0,1.5,97.0,True
301,289,Jason Horne DDS,Male,78.0,15.0,65.0,1.0,Medium,72.0,2.4370535714285713,96.0,False
302,290,Shawn Galloway,Female,78.0,18.0,85.0,1.0,Medium,62.0,1.4,54.0,False
303,291,Thomas Barnes,Female,85.0,12.0,88.0,1.0,Medium,88.0,0.8,60.0,False
304,292,Elizabeth Curry,Male,92.0,12.0,77.73785310734463,1.0,High,92.0,0.2,73.0,False
305,293,Nicole Cunningham,Male,85.0,12.0,60.0,3.0,High,92.0,2.1,96.0,False
306,294,Patrick Thompson,Male,91.0,30.0,85.0,2.0,Low,80.0,0.9,83.0,True
307,295,Marissa Stewart,Male,85.0,18.0,82.0,1.0,High,72.0,2.3,73.0,True
308,296,Melissa Wilson,Female,91.0,25.0,77.0,1.0,Low,78.0,5.0,99.0,True
310,297,Mark Castillo,Male,70.0,18.0,85.0,3.0,Low,92.0,2.1,53.0,True
311,298,Mr. Kent Stanton,Male,85.0,25.0,70.0,0.0,Low,90.0,2.3,97.0,True
312,299,Tyrone Phillips,Male,70.0,20.0,86.0,3.0,High,62.0,3.3,58.0,True
313,300,Christopher Collins,Female,95.0,8.0,88.0,1.0,Medium,85.0,1.2,62.0,True
315,301,Christopher Mccullough,Female,85.0,18.0,85.0,2.0,High,85.0,4.1,94.0,True
316,302,Carla Rodriguez,Female,78.0,20.0,90.0,1.0,Medium,72.0,0.2,69.0,False
317,303,Makayla Howard,Male,70.0,17.0,70.0,2.0,High,87.0,2.3,100.0,True
318,304,Barbara White,Male,85.0,25.0,65.0,3.0,Medium,90.0,3.4,91.0,True
319,305,Sarah Davis,Male,85.0,20.0,90.0,1.0,High,87.0,4.5,76.35949943117178,True
320,306,Cody Donovan,Female,85.0,10.0,86.0,0.0,Low,62.0,2.5,74.0,False
321,307,Jessica Jenkins,Female,92.0,10.0,82.0,2.0,High,68.0,0.0,100.0,True
322,308,Benjamin Alexander,Female,70.0,12.0,77.0,1.0,High,85.0,1.9,76.0,True
323,309,Isaac Lopez,Male,82.0,15.0,60.0,1.0,Medium,72.0,3.9,72.0,False
325,310,Brian Avery,Female,85.52494331065759,17.547235023041473,86.0,3.0,High,87.0,1.2,65.0,False
326,311,Amy Lawson,Male,92.0,22.0,60.0,1.0,High,68.0,1.2,76.35949943117178,False
327,312,Derek Choi,Female,91.0,22.0,65.0,3.0,High,78.0,2.7,61.0,False
328,313,Paul Reese,Male,85.0,25.0,86.0,3.0,High,72.0,2.4,71.0,True
329,314,Francisco Chang,Female,78.0,30.0,78.0,1.0,High,88.0,3.5,59.0,True
330,315,Christian Knight,Female,90.0,17.547235023041473,60.0,3.0,High,90.0,1.5,58.0,True
331,316,Andrew Wilkerson,Female,95.0,10.0,70.0,3.0,Medium,92.0,3.3,61.0,False
332,317,Brandon Alvarez,Female,78.0,10.0,78.0,3.0,Medium,88.0,0.2,88.0,False
333,318,Gary Young,Male,85.0,10.0,88.0,2.0,High,90.0,4.9,60.0,True
334,319,Jessica Wright,Female,85.0,18.0,90.0,3.0,Low,87.0,1.8,100.0,True
335,320,Timothy Clements,Male,70.0,17.0,60.0,0.0,Medium,80.28977272727273,4.4,72.0,False
336,321,Alexander Gordon DDS,Female,91.0,25.0,65.0,1.0,High,80.0,1.5,70.0,False
337,322,James Martinez,Male,95.0,10.0,60.0,0.0,Low,87.0,2.7,55.0,False
338,323,Francisco Williams,Male,70.0,10.0,86.0,0.0,High,80.0,0.5,63.0,True
339,324,Jordan Brooks,Female,88.0,18.0,90.0,2.0,High,62.0,2.9,81.0,True
340,325,Kurt Boyd,Female,85.0,8.0,85.0,2.0,Low,88.0,2.4,56.0,True
341,326,Bryan Salazar,Male,88.0,20.0,77.0,2.0,Medium,62.0,2.4,92.0,False
342,327,Mrs. Heather Roy,Female,78.0,30.0,60.0,1.0,High,78.0,0.2,78.0,False
343,328,Unknown,Male,85.52494331065759,22.0,78.0,0.0,Low,87.0,0.4,72.0,False
344,329,Kathleen Newton,Male,70.0,12.0,60.0,2.0,Low,78.0,2.9,65.0,False
345,330,Julian Fox,Male,70.0,15.0,70.0,3.0,Low,88.0,3.4,89.0,True
346,331,Kylie Hancock,Female,78.0,10.0,90.0,3.0,High,80.0,2.1,93.0,False
347,332,Matthew Werner,Male,91.0,18.0,88.0,2.0,High,62.0,2.8,85.0,False
348,333,Kelsey Bush,Female,85.0,22.0,86.0,2.0,Medium,87.0,2.1,59.0,True
349,334,Brandon Dickerson,Male,88.0,12.0,88.0,0.0,Medium,62.0,3.3,86.0,False
350,335,Jamie Allen,Male,88.0,8.0,65.0,3.0,Low,62.0,0.2,71.0,True
351,336,Taylor Smith,Female,88.0,30.0,78.0,1.0,Medium,80.28977272727273,1.4,81.0,True
352,337,Elizabeth Chavez,Male,88.0,17.0,88.0,2.0,Low,62.0,3.0,55.0,True
354,338,Donna Hardin,Female,78.0,12.0,86.0,1.0,High,92.0,4.4,62.0,True
355,339,Andrew Cook,Male,85.0,15.0,88.0,3.0,Medium,80.28977272727273,4.1,82.0,False
357,340,Samuel Shaw,Male,88.0,20.0,82.0,1.0,Medium,80.0,0.8,86.0,True
358,341,Mike Waters,Male,92.0,18.0,60.0,2.0,High,80.0,2.4,58.0,True
359,342,Andrea Newman,Unknown,88.0,22.0,82.0,2.0,Medium,62.0,4.3,79.0,False
360,343,Unknown,Female,88.0,12.0,86.0,0.0,Low,87.0,0.0,92.0,True
361,344,Barry Jenkins,Female,90.0,17.0,85.0,1.0,Medium,90.0,4.3,76.35949943117178,False
362,345,Laurie Johnson,Male,82.0,25.0,78.0,3.0,Medium,90.0,3.4,96.0,True
363,346,John Coleman,Female,88.0,8.0,60.0,0.0,Low,80.0,2.9,86.0,True
364,347,John Carter,Male,82.0,17.0,88.0,2.0,Medium,68.0,4.2,85.0,True
365,348,Mr. Devon Garrett,Male,85.0,10.0,82.0,2.0,High,90.0,3.3,64.0,False
366,349,Jill Kelly,Female,70.0,30.0,77.73785310734463,2.0,Low,85.0,0.0,100.0,False
367,350,Richard Gonzalez,Male,85.0,25.0,70.0,2.0,Low,62.0,2.6,76.0,True
368,351,Alex White,Male,92.0,30.0,60.0,3.0,Medium,68.0,1.6,95.0,True
369,352,Michael Gonzales,Female,95.0,10.0,88.0,1.0,High,78.0,1.4,98.0,True
370,353,John Williams,Female,90.0,10.0,86.0,1.0,Low,62.0,2.0,80.0,False
371,354,Daniel Herrera,Male,82.0,25.0,88.0,1.0,Medium,72.0,1.0,93.0,True
373,355,Ian Glass,Female,88.0,17.0,70.0,3.0,Low,80.28977272727273,2.2,93.0,True
374,356,Heidi Simmons,Female,95.0,25.0,65.0,0.0,High,92.0,1.1,58.0,True
375,357,Andrea Fuller,Male,90.0,30.0,78.0,0.0,Low,85.0,3.9,89.0,True
376,358,David Dunlap,Male,85.0,15.0,85.0,0.0,Medium,62.0,0.6,66.0,False
377,359,Antonio Mitchell,Male,85.0,18.0,60.0,2.0,Low,72.0,1.3,88.0,True
378,360,Mariah Cole,Male,82.0,22.0,85.0,2.0,High,87.0,2.5,88.0,True
380,361,Raymond Murillo,Male,85.0,15.0,85.0,2.0,Low,78.0,0.0,100.0,True
381,362,Andrea Bradley,Female,92.0,17.0,82.0,2.0,Medium,80.0,0.5,61.0,True
382,363,Unknown,Female,95.0,8.0,85.0,2.0,High,80.0,4.3,76.35949943117178,True
383,364,Tina Velazquez,Female,85.52494331065759,22.0,82.0,2.0,Medium,90.0,0.9,75.0,False
384,365,Bonnie Callahan,Female,70.0,17.0,60.0,0.0,High,68.0,3.5,53.0,True
385,366,Eric Scott,Female,91.0,17.0,86.0,1.0,High,88.0,1.9,72.0,True
387,367,Michael Valenzuela,Male,95.0,12.0,70.0,1.0,High,62.0,3.3,65.0,False
388,368,Robin Spears,Female,78.0,12.0,86.0,1.0,High,68.0,2.5,80.0,False
389,369,David Owens,Male,85.0,30.0,90.0,1.0,Medium,80.0,2.5,85.0,False
390,370,Unknown,Unknown,90.0,17.0,77.0,3.0,Medium,87.0,4.3,78.0,False
391,371,Elizabeth Clark,Female,85.0,20.0,77.73785310734463,0.0,High,72.0,2.7,55.0,False
392,372,Beverly Fisher,Male,85.0,30.0,88.0,1.0,High,78.0,1.7,76.35949943117178,False
393,373,Sarah Bailey,Female,90.0,20.0,90.0,1.0,Medium,90.0,4.1,68.0,False
394,374,Kendra Ramirez,Male,78.0,17.0,65.0,0.0,High,85.0,3.1,62.0,True
395,375,Diane Ross,Male,85.0,25.0,88.0,2.0,Medium,80.0,4.6,93.0,True
397,376,Michelle Woods,Male,91.0,10.0,65.0,2.0,Medium,88.0,3.0,70.0,False
398,377,David Ruiz,Male,88.0,8.0,88.0,2.0,Medium,68.0,0.7,88.0,False
399,378,Jason Castro,Female,82.0,17.547235023041473,90.0,3.0,Low,85.0,3.4,93.0,True
400,379,Kathleen Montgomery,Female,90.0,17.547235023041473,70.0,1.0,Low,88.0,4.7,95.0,False
401,380,James Bennett,Female,70.0,17.547235023041473,70.0,2.0,High,62.0,0.7,92.0,True
402,381,Kelsey Watkins,Female,78.0,17.547235023041473,82.0,0.0,High,85.0,1.0,76.35949943117178,True
403,382,David Park,Female,90.0,22.0,70.0,3.0,Low,72.0,1.9,82.0,False
404,383,Christopher Poole,Female,70.0,8.0,88.0,2.0,High,80.0,3.7,62.0,False
405,384,Rebecca Baxter,Female,85.52494331065759,12.0,86.0,3.0,Low,92.0,1.5,61.0,True
406,385,Virginia Daniel,Male,82.0,20.0,60.0,1.0,Medium,85.0,2.8,58.0,True
407,386,Melissa Gordon,Male,95.0,17.0,65.0,1.0,High,90.0,3.0,99.0,True
408,387,Brett Barrett,Female,90.0,30.0,70.0,3.0,High,72.0,0.3,82.0,True
409,388,Brandon Townsend,Female,90.0,30.0,90.0,3.0,Low,90.0,2.4370535714285713,68.0,True
410,389,Haley Robertson,Female,82.0,15.0,85.0,1.0,Medium,92.0,4.5,89.0,True
411,390,Michelle Gonzalez,Female,70.0,20.0,60.0,2.0,Low,85.0,0.1,83.0,False
412,391,Gary Holland,Female,85.0,17.547235023041473,82.0,3.0,Medium,72.0,0.4,56.0,True
413,392,Felicia Howard,Male,90.0,25.0,90.0,0.0,High,92.0,2.7,94.0,False
414,393,Sean Walker,Male,85.0,17.0,88.0,1.0,High,87.0,0.3,100.0,False
415,394,Brianna Mills,Male,88.0,8.0,60.0,1.0,Low,62.0,2.2,51.0,False
416,395,Michael Case,Male,91.0,20.0,86.0,1.0,Low,87.0,1.8,82.0,True
417,396,Felicia Houston,Female,91.0,20.0,82.0,1.0,Medium,62.0,4.1,51.0,False
418,397,Kevin Wilson,Male,78.0,8.0,70.0,2.0,Low,68.0,1.5,100.0,False
419,398,Mary Vaughn,Male,90.0,15.0,78.0,3.0,Low,62.0,2.7,55.0,True
420,399,Unknown,Female,92.0,8.0,70.0,0.0,High,68.0,1.1,66.0,True
421,400,Maurice Martinez,Unknown,91.0,15.0,70.0,1.0,Low,72.0,0.4,92.0,True
422,401,Jonathon Perry,Unknown,92.0,22.0,77.0,1.0,Medium,68.0,3.4,65.0,True
423,402,Unknown,Male,92.0,30.0,77.0,1.0,Medium,88.0,3.3,94.0,True
424,403,Rebecca Evans,Female,85.52494331065759,10.0,78.0,1.0,High,92.0,3.6,91.0,False
425,404,Paul Williams,Female,78.0,30.0,77.0,1.0,Medium,90.0,3.9,81.0,True
426,405,Tyler Boyer,Male,88.0,10.0,70.0,3.0,Medium,87.0,3.6,51.0,True
427,406,Kristy Nichols,Male,85.0,12.0,82.0,2.0,Low,78.0,3.3,59.0,False
428,407,Darren Martin,Male,91.0,18.0,65.0,1.0,Low,72.0,0.5,73.0,True
429,408,Katelyn Morgan,Male,82.0,10.0,77.0,0.0,High,88.0,4.7,92.0,True
431,409,Jesus Henson,Female,70.0,17.0,77.0,1.0,High,90.0,0.5,83.0,False
432,410,Robin Stewart,Male,70.0,8.0,88.0,3.0,Low,87.0,2.6,74.0,True
433,411,Lawrence Miller,Female,95.0,30.0,77.0,1.0,Low,80.0,2.5,76.35949943117178,False
434,412,Ronnie White,Male,90.0,12.0,82.0,3.0,High,68.0,0.8,88.0,True
435,413,John Fox,Female,95.0,20.0,77.0,1.0,Medium,92.0,3.0,91.0,False
436,414,Unknown,Male,85.0,10.0,86.0,3.0,High,68.0,3.1,52.0,True
437,415,Daniel Scott,Male,88.0,10.0,70.0,0.0,Low,88.0,3.2,96.0,False
438,416,Unknown,Male,85.0,22.0,77.0,1.0,High,92.0,4.2,88.0,True
439,417,Jonathan Mann,Female,78.0,17.547235023041473,77.0,3.0,Low,87.0,1.1,76.35949943117178,True
440,418,Bethany Andersen,Male,92.0,17.547235023041473,70.0,0.0,High,88.0,0.5,80.0,True
441,419,Tiffany Moore,Male,90.0,17.0,65.0,3.0,Low,80.0,4.5,99.0,False
442,420,Sylvia Chavez,Female,95.0,15.0,70.0,0.0,High,78.0,3.9,74.0,False
443,421,Gerald Reilly,Female,78.0,18.0,77.0,3.0,High,85.0,3.0,76.35949943117178,False
444,422,Ashlee Wilcox,Male,85.0,15.0,86.0,2.0,High,72.0,0.0,91.0,True
445,423,Lance Johnson,Female,95.0,20.0,65.0,0.0,Low,88.0,1.3,84.0,False
446,424,Unknown,Female,70.0,25.0,60.0,2.0,Low,78.0,2.4370535714285713,85.0,False
447,425,Unknown,Female,91.0,17.547235023041473,60.0,0.0,Low,87.0,3.7,78.0,True
448,426,Patrick Gonzalez MD,Male,82.0,8.0,88.0,2.0,Low,80.0,0.8,90.0,True
449,427,Cole Gomez,Male,85.0,22.0,60.0,2.0,High,85.0,1.1,55.0,True
450,428,Alejandro Gutierrez,Female,91.0,12.0,82.0,3.0,High,68.0,3.2,78.0,True
451,429,Natalie Long,Female,92.0,15.0,86.0,2.0,Low,92.0,3.1,93.0,True
452,430,Abigail Ingram,Male,85.0,10.0,85.0,2.0,Medium,90.0,3.3,75.0,True
453,431,Eileen Lee,Male,90.0,20.0,70.0,2.0,Low,72.0,4.6,72.0,False
454,432,Nancy Moore,Unknown,91.0,25.0,77.0,0.0,Low,80.0,1.3,76.0,True
455,433,Melanie Wilson,Female,95.0,20.0,70.0,2.0,Low,88.0,1.3,78.0,False
456,434,Gloria Henderson,Male,95.0,17.0,77.0,3.0,High,78.0,0.6,76.35949943117178,False
457,435,Christopher Payne,Male,95.0,8.0,88.0,2.0,Low,80.0,3.5,66.0,True
458,436,John Franklin,Male,70.0,30.0,85.0,2.0,High,78.0,1.6,63.0,False
459,437,Angel Stout,Male,85.0,25.0,90.0,3.0,Medium,92.0,1.1,65.0,False
461,438,Candace Kelly,Female,91.0,18.0,77.0,0.0,High,85.0,2.0,98.0,True
462,439,Zachary Daniel,Female,85.0,12.0,78.0,2.0,Medium,62.0,4.3,99.0,True
463,440,Angel Howard,Male,82.0,17.0,88.0,1.0,High,92.0,1.9,56.0,False
464,441,Heather Hill,Female,78.0,12.0,77.73785310734463,3.0,Medium,78.0,4.8,71.0,False
465,442,Heather Gamble,Unknown,70.0,25.0,60.0,1.0,Medium,62.0,1.4,61.0,True
466,443,Sean Levine,Male,88.0,25.0,70.0,0.0,Medium,92.0,0.7,97.0,True
467,444,Brian Diaz,Male,78.0,8.0,77.0,0.0,Low,72.0,2.7,70.0,False
468,445,Catherine Koch,Female,82.0,22.0,78.0,0.0,High,68.0,0.3,66.0,False
469,446,Unknown,Female,95.0,18.0,88.0,1.0,Low,72.0,4.7,66.0,False
470,447,Anne Martin,Female,90.0,30.0,86.0,1.0,Low,88.0,3.2,84.0,True
471,448,Mary Warren,Female,95.0,12.0,77.0,1.0,High,62.0,3.1,79.0,True
472,449,Amanda Bryant,Female,70.0,22.0,86.0,0.0,High,87.0,0.8,64.0,False
473,450,Joel Ford,Female,88.0,22.0,60.0,2.0,Medium,90.0,3.7,83.0,False
474,451,Mark Miller,Male,78.0,15.0,65.0,3.0,Low,85.0,4.7,94.0,True
475,452,Sarah Russell,Unknown,70.0,20.0,85.0,2.0,Medium,72.0,0.3,99.0,False
476,453,Lisa Mitchell,Male,90.0,18.0,86.0,0.0,High,62.0,1.5,65.0,False
477,454,William White,Male,78.0,12.0,65.0,1.0,High,90.0,4.3,70.0,False
478,455,Jacqueline Garcia,Female,82.0,17.0,65.0,2.0,High,88.0,2.4370535714285713,90.0,False
480,456,Pamela Woods,Unknown,85.0,15.0,70.0,0.0,Medium,85.0,2.3,50.0,False
481,457,Sydney Patterson,Female,85.0,8.0,82.0,3.0,High,80.0,2.7,62.0,False
482,458,Lisa Johnson,Female,92.0,10.0,60.0,0.0,High,85.0,0.4,90.0,True
483,459,Todd Jackson,Female,88.0,12.0,82.0,0.0,High,87.0,0.9,68.0,True
484,460,Shelby Richards,Female,88.0,22.0,77.0,3.0,Medium,80.0,0.8,84.0,True
485,461,Joseph Roberts,Male,88.0,18.0,65.0,1.0,Low,80.0,1.2,59.0,True
486,462,Samantha Burton,Male,95.0,8.0,82.0,1.0,Medium,78.0,3.5,52.0,False
487,463,Cynthia Mcdonald,Male,85.0,18.0,60.0,2.0,Low,78.0,0.9,66.0,False
488,464,Kimberly Petty,Male,92.0,8.0,77.0,3.0,Low,80.0,1.0,97.0,True
489,465,Joshua Carpenter,Male,85.0,8.0,82.0,1.0,High,80.0,3.7,85.0,True
490,466,Jessica Fuller,Female,88.0,25.0,88.0,1.0,Low,92.0,4.9,65.0,False
491,467,Andrea Barber,Male,78.0,18.0,86.0,2.0,Medium,92.0,0.0,52.0,False
492,468,Brian Lyons,Female,90.0,25.0,65.0,1.0,High,88.0,1.7,98.0,True
493,469,Tammy Fuentes,Female,78.0,12.0,85.0,0.0,Medium,92.0,2.4370535714285713,85.0,False
494,470,Robert Taylor,Male,85.0,8.0,88.0,0.0,Medium,80.0,2.4,78.0,False
495,471,David Gonzalez,Female,92.0,22.0,65.0,2.0,Medium,80.28977272727273,3.7,67.0,True
496,472,Steven Myers,Male,85.0,18.0,82.0,2.0,Medium,78.0,0.0,90.0,False
497,473,Cassandra Perez,Male,91.0,30.0,86.0,3.0,Medium,87.0,3.3,84.0,False
498,474,Jacqueline Eaton,Female,82.0,10.0,86.0,2.0,High,62.0,3.2,57.0,True
499,475,Carrie Mccoy,Male,85.0,10.0,65.0,1.0,High,87.0,2.4,76.35949943117178,True
500,476,Amy Fisher,Female,82.0,22.0,86.0,2.0,High,90.0,1.1,95.0,True
501,477,Stephanie Reid,Male,85.0,20.0,77.0,1.0,Medium,72.0,3.7,76.0,False
502,478,Reginald Hoover,Female,82.0,15.0,85.0,1.0,High,92.0,4.8,56.0,True
503,479,Christina Russo,Female,92.0,25.0,70.0,3.0,Low,68.0,2.8,85.0,False
504,480,Raymond Howell,Female,85.0,8.0,85.0,0.0,High,72.0,2.0,71.0,True
506,481,Charles Aguilar,Male,70.0,12.0,82.0,1.0,Medium,78.0,4.8,50.0,True
507,482,Caitlyn Green,Male,82.0,10.0,82.0,1.0,Medium,92.0,2.4370535714285713,70.0,True
508,483,Ronald Davis,Unknown,90.0,15.0,77.0,1.0,High,68.0,1.3,87.0,True
509,484,Melissa Lucas,Female,88.0,20.0,86.0,0.0,Low,92.0,3.7,96.0,False
510,485,Heidi Leonard,Male,85.0,22.0,85.0,3.0,Low,85.0,0.2,86.0,False
512,486,Richard Swanson,Male,88.0,12.0,78.0,1.0,Low,88.0,0.7,82.0,True
513,487,Lauren Simpson,Male,70.0,17.0,86.0,3.0,Low,87.0,1.1,68.0,False
515,488,Marissa Raymond,Unknown,78.0,10.0,77.0,2.0,High,78.0,2.0,86.0,True
516,489,Joyce Bishop,Male,92.0,17.547235023041473,82.0,0.0,Medium,88.0,0.4,92.0,False
518,490,Peggy Hill,Male,85.0,15.0,90.0,3.0,Low,90.0,0.8,96.0,True
519,491,Derrick Love,Male,85.52494331065759,22.0,65.0,2.0,High,90.0,3.5,57.0,False
520,492,Laura Stevens,Female,85.0,30.0,90.0,2.0,High,92.0,2.7,98.0,False
521,493,Terri Potter,Female,91.0,10.0,78.0,0.0,Low,72.0,0.2,60.0,True
522,494,Veronica Saunders,Male,91.0,18.0,78.0,1.0,Low,80.0,0.3,92.0,False
523,495,Emily Townsend,Male,85.0,18.0,60.0,3.0,Medium,72.0,4.9,56.0,True
524,496,James Long,Male,78.0,25.0,70.0,1.0,Low,80.28977272727273,2.4370535714285713,83.0,False
525,497,Jennifer Dickson,Female,70.0,10.0,78.0,1.0,Low,90.0,1.8,69.0,True
526,498,Alexa West,Female,85.0,18.0,60.0,1.0,Low,85.0,1.1,71.0,False
527,499,Phillip Donovan,Male,70.0,12.0,86.0,3.0,Medium,92.0,2.9,77.0,False
528,500,Monique King,Female,82.0,10.0,90.0,0.0,Low,72.0,3.4,62.0,True
529,501,Karl Murray,Male,70.0,17.547235023041473,86.0,0.0,Medium,87.0,2.8,96.0,True
530,502,Julia Brooks,Female,78.0,15.0,88.0,0.0,Medium,80.28977272727273,2.2,90.0,False
531,503,Lauren Montgomery,Male,85.52494331065759,10.0,65.0,1.0,Low,88.0,1.3,86.0,True
533,504,Kristin Macias,Female,85.0,17.0,65.0,0.0,High,92.0,0.2,98.0,True
534,505,Samuel Smith,Female,92.0,25.0,90.0,2.0,High,80.28977272727273,4.3,81.0,False
535,506,Unknown,Male,70.0,8.0,78.0,3.0,Low,62.0,3.6,75.0,True
536,507,Bradley Stevens,Male,85.0,17.0,78.0,3.0,Low,72.0,2.0,97.0,True
537,508,Morgan Hampton,Male,92.0,18.0,77.0,0.0,Medium,85.0,2.3,77.0,False
539,509,Samantha Novak,Female,95.0,17.0,78.0,0.0,Medium,88.0,4.5,62.0,False
540,510,Audrey Robinson,Female,95.0,10.0,85.0,2.0,High,78.0,3.2,55.0,False
541,511,Lindsey Kerr,Male,70.0,12.0,60.0,1.0,High,90.0,2.8,92.0,True
542,512,Cynthia Nguyen,Male,78.0,15.0,60.0,2.0,Medium,78.0,1.4,61.0,True
543,513,Ryan Hood,Male,85.0,22.0,82.0,1.0,Medium,78.0,4.3,84.0,True
544,514,Matthew Stevenson,Male,92.0,22.0,77.0,1.0,Medium,78.0,0.4,88.0,True
545,515,Rhonda White,Female,91.0,12.0,90.0,1.0,High,68.0,0.3,72.0,True
546,516,Larry Ramsey,Male,91.0,22.0,82.0,1.0,High,80.0,0.5,61.0,True
547,517,Kimberly Anderson,Male,85.0,22.0,88.0,1.0,High,85.0,1.6,74.0,True
548,518,Brian Miles,Male,88.0,17.0,77.73785310734463,2.0,Low,80.28977272727273,1.6,76.0,True
549,519,Kelly Baker,Male,90.0,22.0,70.0,2.0,Medium,88.0,4.7,95.0,False
550,520,Wendy Miller,Female,88.0,12.0,86.0,3.0,Medium,68.0,3.1,81.0,False
551,521,Michael Webster,Male,91.0,25.0,82.0,3.0,High,87.0,0.1,90.0,True
552,522,Michelle Ryan,Female,70.0,15.0,88.0,1.0,Low,92.0,0.1,62.0,False
553,523,Justin Jennings,Male,88.0,18.0,70.0,2.0,Medium,80.0,0.6,71.0,False
554,524,Norma Ward,Male,78.0,25.0,88.0,1.0,Low,78.0,4.6,52.0,True
555,525,Unknown,Male,85.0,12.0,88.0,1.0,Medium,80.0,4.2,69.0,False
556,526,Vincent Johnson,Male,92.0,22.0,77.73785310734463,1.0,High,68.0,1.4,51.0,False
557,527,David Stone,Unknown,91.0,22.0,60.0,0.0,Low,87.0,4.3,98.0,False
558,528,Amy Evans,Male,88.0,8.0,85.0,1.0,High,90.0,2.3,69.0,True
560,529,Stephen Ramirez,Male,92.0,30.0,77.0,2.0,Medium,90.0,0.7,56.0,True
561,530,Nicholas Baxter,Male,85.0,8.0,70.0,2.0,High,85.0,4.7,93.0,True
562,531,Raymond Smith,Female,85.0,20.0,70.0,2.0,High,88.0,3.8,90.0,True
563,532,Roy Johnson,Male,92.0,18.0,82.0,2.0,Medium,78.0,3.4,67.0,True
564,533,Ryan Vasquez,Unknown,90.0,15.0,86.0,2.0,Low,87.0,2.4370535714285713,72.0,False
565,534,Justin Johnson,Male,88.0,22.0,90.0,0.0,High,85.0,3.1,71.0,False
566,535,Unknown,Male,85.0,17.547235023041473,78.0,2.0,Medium,80.0,0.4,75.0,True
567,536,Kaylee Benjamin,Female,88.0,30.0,90.0,2.0,High,78.0,2.8,55.0,False
568,537,Charles Murphy,Female,88.0,17.0,77.0,3.0,High,68.0,4.3,89.0,False
569,538,Grant Henderson,Female,78.0,17.547235023041473,88.0,1.0,Medium,80.0,0.3,57.0,False
570,539,Michael Woods,Female,78.0,18.0,88.0,3.0,Low,68.0,2.5,75.0,True
572,540,Susan Benson,Female,90.0,30.0,90.0,3.0,Medium,62.0,2.8,71.0,True
573,541,Timothy Armstrong,Male,91.0,17.0,85.0,3.0,Low,78.0,1.6,56.0,False
574,542,Cindy Harvey,Female,70.0,20.0,86.0,2.0,Low,88.0,3.9,74.0,False
575,543,Caitlin Carter,Male,90.0,25.0,65.0,3.0,Low,80.0,3.8,92.0,True
576,544,Ricky Johnson,Female,70.0,22.0,86.0,1.0,High,92.0,3.4,70.0,False
577,545,Bryan Hoover,Female,95.0,20.0,86.0,1.0,Low,72.0,2.0,58.0,False
578,546,Elijah Wagner,Female,82.0,15.0,78.0,2.0,Medium,87.0,4.3,51.0,True
579,547,Felicia Davis,Female,95.0,8.0,60.0,0.0,Medium,72.0,1.1,61.0,False
580,548,Jonathan Hess,Male,82.0,8.0,88.0,0.0,High,85.0,5.0,76.35949943117178,True
581,549,Michael Yoder,Male,90.0,15.0,65.0,1.0,Low,62.0,4.9,58.0,True
583,550,Joanna Martinez,Female,92.0,10.0,60.0,3.0,High,88.0,2.5,96.0,True
584,551,Penny Hopkins,Female,70.0,12.0,86.0,1.0,High,80.0,2.8,95.0,False
585,552,Justin Foster,Female,90.0,17.547235023041473,77.73785310734463,2.0,Medium,72.0,0.4,89.0,True
586,553,Jennifer Morgan,Female,90.0,12.0,86.0,2.0,Low,80.0,4.5,84.0,True
587,554,Dalton Chen,Female,82.0,17.0,86.0,1.0,Medium,90.0,4.8,68.0,False
588,555,Mrs. Amy Carney MD,Male,91.0,18.0,86.0,2.0,High,78.0,2.9,86.0,True
589,556,Melissa Wang,Male,88.0,17.0,85.0,0.0,Low,87.0,4.3,67.0,False
591,557,Cameron Bender,Female,78.0,17.547235023041473,90.0,1.0,High,72.0,4.3,71.0,True
593,558,Daniel Solomon,Male,88.0,20.0,78.0,1.0,Medium,62.0,2.4,80.0,True
594,559,Deanna Jones,Female,85.0,18.0,65.0,2.0,Medium,80.0,1.4,78.0,False
595,560,Alicia Young,Unknown,90.0,12.0,88.0,0.0,Low,85.0,1.7,67.0,True
596,561,Peter Figueroa,Female,85.0,25.0,86.0,3.0,Low,90.0,3.4,61.0,False
597,562,Jacob Thompson,Male,85.0,20.0,78.0,0.0,High,72.0,0.5,76.35949943117178,False
598,563,Jonathon Woodward,Female,88.0,25.0,78.0,1.0,Low,87.0,0.3,88.0,True
599,564,Brian Hayes,Male,90.0,22.0,65.0,0.0,Low,88.0,4.0,61.0,True
600,565,Lisa Carroll,Female,88.0,17.0,85.0,1.0,Medium,62.0,3.5,92.0,True
602,566,Terri Hayden,Female,90.0,17.0,90.0,3.0,Medium,68.0,3.2,56.0,True
603,567,Taylor Burns,Female,92.0,22.0,85.0,1.0,Low,85.0,0.5,54.0,True
604,568,Andrew Jimenez,Female,85.0,17.0,65.0,1.0,High,62.0,1.3,94.0,False
605,569,Wendy King,Male,82.0,17.0,77.0,0.0,Medium,87.0,2.7,50.0,False
606,570,Luis Carter,Male,91.0,12.0,88.0,1.0,Low,85.0,2.0,90.0,True
607,571,Nicholas Jones,Female,90.0,17.0,77.73785310734463,3.0,High,72.0,0.2,74.0,True
609,572,Unknown,Male,91.0,25.0,77.0,0.0,High,72.0,3.2,81.0,False
610,573,Tina Knight,Male,95.0,15.0,88.0,1.0,Medium,87.0,1.1,76.35949943117178,False
611,574,Brittany Andrews,Male,91.0,25.0,85.0,1.0,Low,68.0,2.4,51.0,False
612,575,William Weber,Male,78.0,15.0,65.0,1.0,Medium,87.0,2.3,60.0,True
613,576,Angela Ortiz,Male,85.0,22.0,86.0,3.0,High,92.0,2.1,97.0,False
614,577,David Meyer,Male,85.52494331065759,12.0,65.0,1.0,High,80.28977272727273,3.0,71.0,True
616,578,Travis Harrell,Male,91.0,8.0,65.0,1.0,Medium,87.0,0.0,61.0,True
617,579,Craig Mccann,Female,85.0,10.0,90.0,0.0,Low,85.0,2.6,76.0,True
618,580,Scott Edwards,Male,91.0,10.0,77.0,3.0,High,85.0,1.7,50.0,True
619,581,Kelly Cohen,Male,82.0,20.0,86.0,1.0,Low,72.0,1.1,99.0,True
620,582,David Diaz,Male,92.0,20.0,65.0,1.0,Medium,80.28977272727273,0.8,52.0,True
621,583,Joseph Green,Female,92.0,8.0,82.0,1.0,Low,80.28977272727273,0.2,76.35949943117178,True
622,584,Henry Johnson,Male,78.0,15.0,77.0,2.0,High,87.0,4.5,96.0,False
623,585,Keith Wilson,Female,92.0,30.0,90.0,2.0,Medium,92.0,0.5,97.0,False
624,586,Jordan Chase,Female,92.0,20.0,77.0,3.0,Medium,80.0,4.5,59.0,True
625,587,Kayla Solomon,Male,70.0,30.0,65.0,1.0,Low,92.0,3.2,67.0,True
626,588,Hayley Johnson,Male,85.0,22.0,78.0,2.0,High,87.0,4.3,79.0,False
627,589,John Bender,Female,92.0,18.0,86.0,0.0,Low,88.0,4.5,86.0,True
628,590,William Christian,Female,82.0,17.0,90.0,3.0,Medium,80.28977272727273,1.4,96.0,False
629,591,Michael Willis,Male,95.0,8.0,86.0,3.0,Low,68.0,4.6,50.0,False
630,592,James Simmons,Male,85.0,12.0,78.0,0.0,Low,62.0,2.4,94.0,True
631,593,Christopher Sullivan,Unknown,92.0,17.547235023041473,70.0,1.0,Low,62.0,4.7,58.0,False
632,594,Michelle Santos,Male,90.0,15.0,77.73785310734463,2.0,High,78.0,4.3,97.0,True
633,595,Michael Walters,Female,78.0,8.0,65.0,1.0,Low,78.0,3.5,50.0,True
634,596,Jason Anderson,Female,82.0,15.0,82.0,0.0,Medium,88.0,2.7,100.0,True
635,597,Unknown,Female,85.0,12.0,88.0,1.0,High,62.0,1.8,89.0,True
636,598,James Hoover,Female,78.0,12.0,85.0,2.0,Low,92.0,0.7,71.0,True
637,599,Julie Garza,Male,85.0,22.0,90.0,3.0,Medium,90.0,4.5,76.35949943117178,False
638,600,Lisa Williams,Unknown,90.0,30.0,88.0,1.0,Medium,72.0,2.6,57.0,False
639,601,Erica Thomas,Female,85.0,22.0,88.0,2.0,High,78.0,0.4,75.0,True
640,602,Calvin Vargas,Male,90.0,10.0,82.0,2.0,High,68.0,2.5,63.0,True
641,603,Molly Jones,Female,82.0,10.0,77.0,1.0,Medium,78.0,3.7,51.0,False
642,604,Shannon Hogan,Male,85.0,17.547235023041473,70.0,1.0,Medium,88.0,1.7,91.0,False
643,605,James Fields,Female,85.0,18.0,77.73785310734463,0.0,Medium,68.0,3.9,64.0,False
644,606,Arthur Johnson,Female,85.0,10.0,88.0,2.0,Medium,68.0,3.1,60.0,False
645,607,Collin Edwards,Male,78.0,10.0,90.0,2.0,High,90.0,2.9,78.0,False
646,608,Kimberly Smith,Male,92.0,17.547235023041473,77.73785310734463,1.0,Medium,68.0,1.9,84.0,True
648,609,Taylor Moyer,Unknown,88.0,17.0,82.0,3.0,High,68.0,4.0,96.0,False
649,610,Unknown,Male,85.0,15.0,77.73785310734463,2.0,High,85.0,0.1,89.0,True
650,611,David Jimenez,Female,90.0,30.0,78.0,3.0,Low,92.0,2.9,64.0,False
651,612,Kyle Coleman,Male,90.0,17.547235023041473,77.0,2.0,Low,62.0,1.0,70.0,True
652,613,Marvin Cardenas,Female,78.0,8.0,88.0,0.0,Medium,80.0,1.4,72.0,False
653,614,Eddie Robertson,Male,92.0,17.0,60.0,1.0,Medium,68.0,4.0,77.0,False
655,615,Christopher Taylor,Male,70.0,18.0,60.0,0.0,Low,78.0,3.6,98.0,True
656,616,Brenda Bell,Male,70.0,18.0,70.0,1.0,High,85.0,4.2,69.0,False
657,617,Ashley Nguyen,Male,85.0,15.0,65.0,2.0,Medium,78.0,0.6,92.0,False
658,618,Michael Bailey,Male,85.0,25.0,78.0,2.0,Medium,78.0,5.0,54.0,False
659,619,Maria Scott,Female,88.0,17.547235023041473,85.0,1.0,Low,88.0,0.1,66.0,True
660,620,Katherine Mclaughlin,Male,95.0,17.0,65.0,1.0,High,80.0,1.4,76.0,True
661,621,Karen Cruz,Female,88.0,12.0,85.0,2.0,High,68.0,3.8,88.0,True
662,622,Jodi Taylor,Female,95.0,18.0,82.0,1.0,High,72.0,2.9,59.0,True
663,623,Thomas Mcgrath,Female,95.0,17.0,60.0,1.0,High,87.0,1.1,82.0,True
665,624,Kathy Bailey,Unknown,91.0,12.0,88.0,0.0,Low,85.0,0.1,57.0,True
666,625,Karen Wolf,Male,92.0,18.0,65.0,3.0,High,87.0,2.1,98.0,True
667,626,Mary Jones,Male,85.0,8.0,78.0,3.0,High,80.0,2.4370535714285713,82.0,True
669,627,Ashley Jordan,Male,78.0,30.0,78.0,2.0,High,85.0,4.7,72.0,False
670,628,Lonnie Williams,Male,82.0,22.0,85.0,2.0,Low,80.0,2.6,95.0,True
671,629,Michael Poole,Male,82.0,15.0,85.0,3.0,Low,78.0,1.8,87.0,True
672,630,David Martinez,Male,78.0,30.0,60.0,0.0,High,72.0,0.0,100.0,False
673,631,Eduardo Miller,Female,90.0,12.0,65.0,1.0,Medium,85.0,2.8,52.0,True
674,632,Kristine Williams,Female,85.52494331065759,8.0,82.0,1.0,Low,85.0,3.4,78.0,True
675,633,Unknown,Female,70.0,25.0,85.0,1.0,High,90.0,0.9,93.0,False
676,634,Audrey Woods,Female,85.0,12.0,85.0,2.0,High,62.0,2.0,87.0,True
677,635,Lauren Brown,Male,95.0,25.0,88.0,3.0,Low,62.0,0.6,77.0,False
678,636,Stephanie Merritt,Female,70.0,30.0,77.0,3.0,Medium,78.0,2.6,59.0,False
679,637,Rebecca Jones,Male,88.0,17.0,77.0,3.0,Low,68.0,0.1,97.0,True
680,638,Isaiah Arnold,Female,85.0,10.0,60.0,3.0,Low,90.0,0.8,89.0,True
681,639,Andrea Frey,Female,85.0,25.0,82.0,1.0,Medium,72.0,1.3,71.0,True
682,640,Andrew Dudley,Female,90.0,8.0,77.0,1.0,Medium,78.0,2.3,52.0,True
683,641,Kenneth Jones,Unknown,85.0,8.0,65.0,2.0,Low,62.0,2.4,57.0,False
685,642,Jeff Phillips,Female,95.0,15.0,78.0,3.0,High,68.0,4.2,72.0,True
686,643,Dawn Edwards,Female,90.0,8.0,88.0,1.0,Medium,90.0,0.3,65.0,True
687,644,Paige Campbell,Female,91.0,20.0,85.0,2.0,High,90.0,0.8,84.0,False
688,645,Belinda Kim,Female,70.0,22.0,70.0,0.0,Medium,80.0,3.5,87.0,True
690,646,Ruben Steele,Female,82.0,30.0,65.0,3.0,Medium,90.0,4.8,62.0,False
691,647,Bradley Martinez,Male,88.0,18.0,78.0,2.0,Low,62.0,4.0,89.0,True
692,648,Alison Williams,Female,88.0,20.0,86.0,2.0,Medium,62.0,1.0,100.0,True
693,649,Scott Ferguson,Female,70.0,12.0,88.0,3.0,Medium,62.0,1.3,82.0,False
694,650,David Brown,Male,85.0,12.0,65.0,3.0,Medium,92.0,3.3,97.0,False
696,651,Unknown,Female,95.0,20.0,90.0,0.0,Medium,85.0,3.2,66.0,True
697,652,Renee Scott,Male,90.0,10.0,90.0,1.0,High,85.0,2.3,85.0,False
698,653,Aimee Green,Male,92.0,10.0,82.0,0.0,High,85.0,3.9,67.0,True
699,654,Ricky Jenkins,Female,85.0,15.0,85.0,1.0,Low,85.0,4.3,76.0,False
700,655,Kelly Allen MD,Female,78.0,25.0,85.0,3.0,Low,72.0,4.7,83.0,False
701,656,Sean Smith,Male,92.0,22.0,85.0,1.0,Medium,88.0,3.7,97.0,True
702,657,Robert Johnson,Male,78.0,20.0,65.0,3.0,Medium,78.0,2.0,87.0,True
703,658,Susan Russell,Female,90.0,30.0,70.0,0.0,High,92.0,4.8,100.0,True
704,659,Ryan West,Female,95.0,18.0,78.0,3.0,High,80.0,3.5,100.0,True
705,660,Unknown,Female,88.0,30.0,85.0,2.0,High,78.0,1.9,75.0,False
706,661,Christina Fitzgerald,Male,92.0,18.0,90.0,0.0,Medium,90.0,4.4,99.0,False
707,662,Susan Roberson,Female,90.0,17.0,77.0,0.0,Medium,62.0,4.4,56.0,True
708,663,Jessica Banks,Male,95.0,8.0,86.0,2.0,Low,80.28977272727273,2.3,51.0,True
709,664,Jodi Rogers,Female,78.0,15.0,60.0,3.0,Low,85.0,1.6,55.0,True
710,665,Michelle Clay,Male,82.0,10.0,86.0,0.0,Medium,78.0,2.4,97.0,True
711,666,Jacob Bean,Male,91.0,30.0,82.0,3.0,High,62.0,1.8,75.0,False
712,667,Robert Harper,Male,85.0,12.0,86.0,3.0,High,78.0,1.0,94.0,True
714,668,Michelle Graham,Female,85.0,17.0,85.0,3.0,Low,92.0,1.0,100.0,False
715,669,Seth Johnson,Female,70.0,10.0,60.0,3.0,Low,92.0,5.0,68.0,True
717,670,Julia Sanchez,Male,85.0,17.0,65.0,1.0,Low,62.0,3.4,95.0,False
718,671,Unknown,Female,90.0,20.0,70.0,1.0,High,90.0,4.7,80.0,False
720,672,Thomas Yoder,Female,85.52494331065759,12.0,77.0,1.0,Medium,68.0,0.4,95.0,False
721,673,Christine Mullins,Female,90.0,30.0,78.0,0.0,Medium,85.0,3.7,77.0,False
722,674,Timothy Mcbride,Female,82.0,30.0,60.0,0.0,Medium,78.0,3.8,59.0,False
723,675,Deborah Reyes,Male,78.0,15.0,90.0,0.0,High,78.0,1.3,95.0,False
724,676,Chad Downs,Male,85.0,15.0,77.73785310734463,1.0,Low,72.0,2.4,81.0,True
725,677,William Hill,Male,95.0,20.0,90.0,2.0,High,68.0,2.4370535714285713,67.0,True
726,678,Makayla Rhodes,Male,70.0,20.0,90.0,1.0,Low,87.0,4.4,51.0,False
727,679,Clayton Jones,Female,95.0,17.547235023041473,85.0,1.0,High,80.0,0.4,95.0,False
728,680,Sean Hernandez,Female,91.0,15.0,88.0,1.0,Low,88.0,4.8,70.0,True
729,681,Christine Young,Male,88.0,30.0,78.0,2.0,Low,88.0,1.9,75.0,False
730,682,Brian Hale,Male,70.0,20.0,78.0,3.0,High,62.0,3.9,68.0,True
731,683,Sandra Hart,Female,85.0,8.0,82.0,3.0,High,90.0,3.3,73.0,True
732,684,Christine Curtis,Female,70.0,17.0,82.0,3.0,Low,62.0,0.5,77.0,False
733,685,Tara Johnson,Female,70.0,20.0,78.0,2.0,Medium,78.0,3.4,91.0,True
734,686,Stephanie Snyder,Male,88.0,17.0,60.0,2.0,Medium,85.0,0.7,76.35949943117178,False
735,687,Miguel Leblanc,Female,88.0,22.0,78.0,2.0,High,80.0,2.6,82.0,False
736,688,Christina Mcintyre,Male,85.0,22.0,82.0,1.0,Medium,88.0,0.4,82.0,True
737,689,John Weber,Female,78.0,10.0,60.0,1.0,High,62.0,4.4,69.0,False
741,690,Christine Shah,Male,92.0,20.0,78.0,3.0,High,92.0,2.4,59.0,True
742,691,Lisa Maynard,Male,90.0,18.0,77.0,0.0,Medium,62.0,0.1,60.0,True
743,692,Lisa Lynch,Female,85.0,15.0,77.0,3.0,High,92.0,1.5,75.0,True
744,693,Angela Warren,Male,90.0,8.0,60.0,1.0,Low,88.0,3.0,85.0,False
745,694,Mary Benson,Female,70.0,17.547235023041473,70.0,3.0,Low,80.28977272727273,4.7,81.0,True
746,695,Yvonne Krueger,Male,70.0,22.0,88.0,2.0,High,85.0,4.5,76.0,False
747,696,Keith Bailey,Female,91.0,30.0,77.0,0.0,High,68.0,1.4,62.0,False
748,697,Barbara Case,Female,92.0,12.0,90.0,3.0,Low,90.0,4.6,95.0,False
749,698,Jamie Torres,Female,70.0,8.0,88.0,1.0,High,88.0,1.0,94.0,True
750,699,Justin Jacobs,Male,78.0,25.0,65.0,3.0,Medium,87.0,4.0,81.0,False
751,700,Kevin Reynolds,Male,82.0,15.0,77.73785310734463,1.0,Medium,90.0,3.4,61.0,True
752,701,Michelle Kelly,Female,70.0,20.0,86.0,3.0,High,72.0,1.1,66.0,False
753,702,Terry Hernandez,Male,82.0,18.0,65.0,2.0,Low,87.0,3.5,78.0,False
754,703,Aaron Duarte,Male,91.0,22.0,85.0,2.0,High,72.0,0.5,90.0,True
756,704,Troy Bradford,Male,92.0,17.0,60.0,1.0,High,78.0,1.7,82.0,True
757,705,Bobby Wilkinson,Female,95.0,8.0,88.0,3.0,High,72.0,2.1,64.0,True
758,706,Juan Lopez,Female,85.52494331065759,17.0,70.0,1.0,High,78.0,0.7,50.0,True
759,707,Virginia Medina,Female,85.52494331065759,8.0,65.0,0.0,High,80.28977272727273,3.8,92.0,True
760,708,Leah Holmes,Female,70.0,8.0,77.73785310734463,2.0,Low,90.0,4.5,50.0,False
761,709,Todd Brooks,Male,70.0,17.0,90.0,2.0,Low,88.0,3.3,94.0,False
762,710,Madeline Rush,Male,88.0,20.0,78.0,2.0,Medium,62.0,3.6,97.0,True
764,711,Nicole Frederick,Male,82.0,22.0,82.0,3.0,Medium,62.0,4.9,57.0,True
765,712,Jason Adams,Female,82.0,30.0,85.0,1.0,Low,87.0,2.2,76.35949943117178,True
766,713,Mallory Fletcher,Female,92.0,22.0,86.0,2.0,Low,92.0,1.8,68.0,True
767,714,David Cummings,Unknown,90.0,30.0,70.0,3.0,High,90.0,2.3,59.0,False
768,715,Kelly Suarez,Male,90.0,15.0,60.0,0.0,Medium,92.0,2.2,73.0,False
769,716,Drew Morse,Unknown,88.0,22.0,77.0,0.0,Medium,78.0,3.7,76.0,True
770,717,Lauren Stephens,Male,85.0,17.0,65.0,2.0,Low,87.0,3.5,79.0,False
771,718,Penny Miller,Male,82.0,30.0,85.0,3.0,Medium,87.0,0.6,86.0,False
772,719,Paula Stewart,Male,90.0,30.0,82.0,1.0,Medium,85.0,2.4,100.0,True
773,720,Jonathan Johnson,Female,85.0,18.0,82.0,3.0,High,78.0,0.0,85.0,False
774,721,Laura Ross,Male,70.0,17.0,86.0,2.0,Low,78.0,4.5,100.0,False
775,722,Brandy Wilson,Male,78.0,12.0,77.0,1.0,Low,78.0,0.7,96.0,False
776,723,Brittany Briggs,Female,70.0,25.0,60.0,1.0,Low,80.0,4.8,78.0,False
777,724,Carl Coleman,Male,85.0,22.0,82.0,2.0,Low,87.0,3.2,55.0,True
778,725,Crystal Chandler,Male,91.0,12.0,90.0,1.0,Low,80.0,0.6,84.0,True
779,726,Elizabeth Nichols,Female,92.0,25.0,86.0,1.0,High,80.28977272727273,3.0,75.0,True
780,727,Jesse Barber,Male,95.0,17.547235023041473,65.0,0.0,High,72.0,1.6,66.0,True
781,728,Julie Jackson,Male,82.0,10.0,82.0,0.0,High,85.0,3.8,59.0,False
783,729,Unknown,Female,95.0,18.0,60.0,2.0,High,92.0,1.2,88.0,True
784,730,Ashley Franco,Female,90.0,18.0,78.0,1.0,Medium,72.0,2.0,76.35949943117178,True
785,731,Kimberly Calderon,Male,85.0,18.0,70.0,3.0,Low,87.0,1.2,85.0,True
786,732,Lisa Brooks,Female,85.0,20.0,70.0,3.0,High,90.0,2.7,60.0,True
787,733,Destiny Todd,Female,82.0,17.0,78.0,1.0,Medium,88.0,1.4,60.0,True
788,734,Dawn Luna,Female,88.0,22.0,77.73785310734463,1.0,Medium,92.0,2.9,82.0,False
790,735,Martha Moody,Male,91.0,12.0,88.0,1.0,Low,85.0,4.9,95.0,False
791,736,James Torres,Male,95.0,30.0,90.0,1.0,Low,90.0,0.1,94.0,True
793,737,Shelly Stuart,Male,85.0,20.0,88.0,0.0,Low,90.0,1.9,99.0,True
794,738,Julie Williams,Female,95.0,25.0,77.0,1.0,High,80.0,3.8,93.0,False
795,739,Tamara Jones,Unknown,91.0,18.0,90.0,3.0,Medium,90.0,0.2,81.0,True
796,740,Todd Orozco,Male,70.0,20.0,77.73785310734463,3.0,Low,78.0,0.9,62.0,True
797,741,Jeffrey Torres,Male,90.0,10.0,82.0,3.0,High,72.0,3.6,67.0,True
798,742,Chad Colon,Female,82.0,17.0,78.0,1.0,Low,80.0,0.0,100.0,False
799,743,Alan Williams,Female,90.0,12.0,77.0,1.0,Medium,72.0,3.8,96.0,True
801,744,Dawn Nguyen,Female,90.0,25.0,90.0,0.0,Medium,85.0,0.3,90.0,True
802,745,Andrea Phillips,Female,70.0,15.0,86.0,1.0,Medium,92.0,0.5,65.0,False
803,746,Robert Bishop,Female,85.52494331065759,17.547235023041473,85.0,3.0,Low,78.0,3.8,90.0,False
804,747,Melanie Mckinney,Male,85.0,15.0,60.0,1.0,Low,87.0,3.9,53.0,False
805,748,Joseph Ellis,Female,91.0,8.0,85.0,2.0,Low,80.0,2.8,68.0,False
806,749,Jennifer Smith,Male,91.0,8.0,90.0,3.0,Low,88.0,0.1,74.0,False
807,750,Vickie Holloway,Male,95.0,15.0,77.0,2.0,Medium,88.0,1.0,56.0,True
810,751,Amber Gray,Male,78.0,17.0,82.0,3.0,Medium,85.0,1.8,50.0,True
811,752,Christian Barr,Male,82.0,12.0,78.0,0.0,Medium,92.0,4.9,90.0,True
812,753,Kimberly Harrison,Unknown,92.0,17.0,77.0,3.0,Low,90.0,4.3,76.35949943117178,False
813,754,Mark Fleming,Female,95.0,10.0,85.0,1.0,High,78.0,1.1,76.35949943117178,True
814,755,Felicia Carpenter,Female,85.52494331065759,25.0,90.0,1.0,Low,90.0,4.0,74.0,True
815,756,Rebecca Kelly,Male,85.0,30.0,78.0,2.0,Medium,80.0,2.8,59.0,False
816,757,Aaron Walls,Male,91.0,30.0,78.0,1.0,High,92.0,1.4,64.0,False
817,758,Mark King,Female,82.0,25.0,65.0,3.0,High,68.0,4.2,56.0,True
820,759,Kaitlin Walton,Female,92.0,17.547235023041473,86.0,3.0,High,72.0,1.5,59.0,False
821,760,Ashley Kaufman,Male,88.0,10.0,70.0,3.0,Medium,92.0,3.6,100.0,False
822,761,Megan Bernard,Male,82.0,8.0,70.0,1.0,Medium,72.0,2.3,70.0,False
823,762,Kelly Harper,Female,85.0,17.0,82.0,3.0,Medium,88.0,3.2,63.0,True
824,763,Daniel White,Female,92.0,8.0,90.0,2.0,Medium,62.0,2.9,73.0,False
826,764,John Odonnell,Female,85.0,8.0,60.0,1.0,Medium,90.0,1.4,51.0,True
827,765,Whitney Tapia,Male,88.0,20.0,88.0,2.0,High,72.0,2.6,91.0,True
829,766,Jeremy Shields,Female,88.0,25.0,86.0,0.0,Low,72.0,4.6,50.0,False
831,767,Christine Hamilton,Male,92.0,17.0,90.0,2.0,Low,72.0,3.8,96.0,False
832,768,Crystal Proctor,Male,95.0,25.0,60.0,0.0,High,78.0,2.2,85.0,True
834,769,Victoria Mcbride,Female,95.0,22.0,78.0,3.0,High,68.0,0.8,71.0,False
835,770,Ellen Cross MD,Male,70.0,20.0,70.0,0.0,High,78.0,0.5,76.35949943117178,False
836,771,David Stevens,Male,85.52494331065759,20.0,70.0,0.0,High,88.0,2.4,61.0,True
837,772,Frank Brown DDS,Female,88.0,25.0,90.0,2.0,Low,72.0,0.3,53.0,False
839,773,Deborah Barajas,Female,85.52494331065759,10.0,90.0,2.0,Medium,78.0,0.8,76.35949943117178,False
841,774,Anita Dougherty,Female,91.0,17.0,77.0,1.0,Low,80.0,3.7,68.0,False
842,775,Alicia Watson,Female,70.0,22.0,65.0,0.0,High,68.0,4.5,96.0,False
843,776,Deborah Hunter,Female,78.0,22.0,85.0,0.0,Low,80.0,1.2,60.0,False
844,777,Morgan Gilbert,Female,90.0,25.0,77.0,0.0,Low,87.0,5.0,54.0,True
845,778,Taylor Crawford,Female,70.0,17.0,65.0,2.0,High,72.0,0.2,51.0,True
846,779,Danny Sanchez,Female,95.0,8.0,90.0,0.0,High,80.0,1.3,95.0,True
847,780,Cory Rosario DDS,Female,85.0,17.0,85.0,2.0,Low,92.0,3.6,78.0,True
848,781,Unknown,Female,78.0,17.547235023041473,78.0,3.0,High,68.0,1.5,84.0,False
849,782,Kyle Perez,Male,85.0,18.0,65.0,1.0,Medium,68.0,1.1,52.0,True
850,783,Kelly Gibson MD,Male,82.0,20.0,60.0,2.0,Medium,80.0,3.0,53.0,False
851,784,Angela Garcia,Male,95.0,25.0,90.0,2.0,High,62.0,0.1,50.0,False
852,785,Dylan Vaughan,Male,92.0,20.0,65.0,0.0,High,62.0,2.6,70.0,False
853,786,Kevin Santiago,Male,82.0,8.0,60.0,2.0,High,92.0,0.5,70.0,True
854,787,Terry Rodriguez,Female,95.0,15.0,60.0,3.0,Medium,92.0,0.3,67.0,False
855,788,Chad Mason,Male,92.0,8.0,82.0,3.0,Medium,87.0,3.6,100.0,True
856,789,Jessica Ferguson,Male,91.0,30.0,60.0,0.0,Medium,68.0,3.2,94.0,False
857,790,Andrew Schroeder,Unknown,95.0,17.547235023041473,86.0,3.0,Medium,62.0,2.6,97.0,True
858,791,Jeffrey Garcia,Male,85.52494331065759,15.0,86.0,1.0,Medium,92.0,3.7,98.0,True
859,792,Jason Hood,Male,78.0,30.0,77.0,2.0,High,68.0,1.9,91.0,True
860,793,Sandra Leon,Female,85.52494331065759,10.0,77.73785310734463,1.0,Low,80.0,2.6,76.0,False
861,794,Tyler Mccormick,Male,95.0,30.0,90.0,3.0,Low,80.0,4.5,92.0,True
862,795,Megan Murphy,Female,82.0,30.0,65.0,1.0,Low,80.0,0.3,81.0,True
863,796,Charles Vincent,Male,78.0,17.547235023041473,65.0,2.0,High,88.0,2.7,100.0,True
864,797,Mrs. Cindy Sharp DVM,Male,70.0,17.0,82.0,1.0,Low,92.0,1.2,61.0,True
865,798,Unknown,Female,91.0,17.0,90.0,2.0,Medium,87.0,4.8,73.0,False
866,799,Sarah Dixon,Male,85.0,17.0,60.0,2.0,Low,62.0,3.8,76.35949943117178,False
868,800,Shannon Spencer,Female,88.0,17.0,82.0,0.0,Low,88.0,2.4,71.0,True
869,801,Darlene Tapia,Male,78.0,25.0,78.0,1.0,Low,90.0,2.5,76.0,False
870,802,Ryan Ball,Female,85.0,18.0,86.0,2.0,Medium,80.0,5.0,57.0,False
871,803,Anita Berger,Male,70.0,18.0,88.0,2.0,Low,78.0,3.2,73.0,True
872,804,Tom Bradley,Unknown,92.0,25.0,77.0,1.0,Medium,80.0,3.5,91.0,True
873,805,Melinda Cummings,Female,78.0,18.0,90.0,3.0,Low,68.0,0.1,99.0,True
874,806,Melissa Donaldson,Female,91.0,20.0,70.0,3.0,Medium,68.0,4.1,66.0,False
875,807,Charles Pearson,Female,91.0,18.0,60.0,2.0,High,80.28977272727273,3.9,72.0,True
876,808,Isaiah Moore,Unknown,70.0,18.0,78.0,0.0,Medium,80.0,0.5,99.0,False
877,809,Jonathan Ramirez,Unknown,88.0,8.0,65.0,0.0,Medium,68.0,3.5,62.0,False
878,810,Mrs. Melanie Mueller,Male,85.0,22.0,90.0,0.0,High,80.0,3.7,98.0,True
879,811,Ms. Heather Dean,Female,85.0,22.0,85.0,0.0,High,85.0,0.4,57.0,False
880,812,David Malone,Female,85.0,22.0,90.0,1.0,Medium,87.0,0.0,67.0,True
881,813,Melissa Brown,Male,92.0,12.0,78.0,0.0,Low,72.0,4.9,98.0,False
882,814,Jason Woods,Female,95.0,22.0,60.0,1.0,Medium,90.0,5.0,65.0,False
883,815,Rachel Diaz,Female,91.0,15.0,88.0,1.0,High,80.0,2.3,94.0,False
884,816,Michael Jones,Male,91.0,20.0,70.0,2.0,Low,92.0,1.8,89.0,False
885,817,Taylor Mcgee,Female,92.0,15.0,88.0,1.0,Low,90.0,4.4,97.0,False
886,818,Christopher Ray,Male,91.0,17.0,60.0,3.0,High,90.0,2.1,80.0,True
889,819,Dr. James Henry DDS,Male,70.0,15.0,65.0,1.0,Medium,85.0,1.1,66.0,False
890,820,James Stevens,Male,82.0,17.0,85.0,1.0,High,88.0,3.8,88.0,True
891,821,Kevin Marquez,Female,70.0,12.0,60.0,3.0,High,85.0,0.6,55.0,True
892,822,Colleen Porter,Female,91.0,25.0,85.0,3.0,Medium,68.0,4.3,74.0,True
893,823,Christian Odom,Male,91.0,12.0,90.0,0.0,Medium,90.0,3.9,93.0,True
894,824,Calvin Macias,Male,90.0,8.0,78.0,2.0,Medium,90.0,0.7,68.0,True
895,825,Kim Fischer,Female,78.0,22.0,82.0,0.0,Low,80.0,3.0,69.0,True
896,826,Travis Schultz,Female,92.0,17.0,82.0,0.0,High,90.0,0.8,95.0,True
897,827,Bonnie Morris,Male,78.0,17.0,60.0,2.0,Low,68.0,5.0,85.0,False
898,828,Tiffany Morris,Female,85.0,30.0,60.0,0.0,High,72.0,3.6,68.0,True
899,829,Paul Poole,Female,90.0,10.0,88.0,3.0,High,85.0,2.3,60.0,True
900,830,Richard Perez,Female,85.52494331065759,10.0,90.0,3.0,Low,92.0,3.7,50.0,False
901,831,Bernard Whitaker,Male,70.0,8.0,65.0,1.0,High,90.0,4.9,61.0,True
902,832,Melinda Miller,Female,91.0,8.0,65.0,0.0,High,80.0,0.6,75.0,False
903,833,Christina Gonzales,Male,70.0,20.0,77.0,0.0,Medium,78.0,1.8,57.0,True
904,834,Maria Gray,Male,85.0,12.0,90.0,1.0,Low,88.0,4.9,76.35949943117178,False
905,835,Mary Bennett,Male,70.0,17.0,60.0,2.0,Low,68.0,0.5,54.0,True
906,836,Dr. Erik Pineda,Male,70.0,12.0,70.0,2.0,Medium,87.0,2.6,87.0,True
907,837,Sandra Burns,Male,78.0,22.0,65.0,1.0,Low,78.0,4.0,57.0,True
908,838,Patricia Hunt,Male,78.0,20.0,70.0,2.0,High,87.0,4.9,76.35949943117178,False
909,839,Erika Kennedy,Male,70.0,15.0,90.0,2.0,High,72.0,4.5,68.0,False
910,840,Timothy Newman,Female,95.0,12.0,88.0,3.0,Low,72.0,1.0,56.0,True
911,841,Tanya Bowen,Male,92.0,10.0,82.0,3.0,High,88.0,2.8,87.0,False
912,842,Rhonda Davenport,Male,91.0,8.0,85.0,2.0,Medium,85.0,1.9,60.0,False
913,843,Cheryl Brown,Male,88.0,8.0,65.0,2.0,High,87.0,3.1,67.0,True
914,844,Angela Bridges,Male,70.0,10.0,88.0,0.0,Medium,80.0,4.8,65.0,True
915,845,Brandon Rasmussen,Male,82.0,20.0,70.0,0.0,High,90.0,3.2,73.0,False
916,846,Ryan Beltran,Male,92.0,18.0,78.0,1.0,Medium,92.0,1.9,56.0,True
919,847,Kirsten Davis,Female,85.0,12.0,77.73785310734463,0.0,High,62.0,2.8,76.35949943117178,True
920,848,Paige Turner,Male,91.0,8.0,77.0,0.0,Medium,80.28977272727273,4.0,82.0,False
921,849,Aimee Christensen,Female,85.52494331065759,25.0,82.0,2.0,Medium,62.0,3.9,55.0,True
922,850,Jessica Howard,Male,90.0,10.0,86.0,1.0,High,85.0,2.8,81.0,True
923,851,Lisa Zhang,Male,85.0,17.0,70.0,2.0,Low,87.0,2.0,89.0,True
924,852,Jonathan Daniel,Female,85.52494331065759,30.0,90.0,2.0,Low,88.0,0.2,78.0,True
925,853,Cheyenne Oliver,Male,78.0,17.547235023041473,88.0,0.0,High,90.0,4.8,77.0,False
926,854,Brianna Henderson,Male,95.0,20.0,88.0,3.0,Low,87.0,1.5,80.0,False
927,855,Mark Sanchez,Male,85.0,22.0,60.0,3.0,Medium,72.0,4.1,52.0,False
928,856,Melissa Nguyen,Male,95.0,15.0,86.0,1.0,Medium,85.0,1.8,50.0,False
929,857,Jeff Carney,Unknown,95.0,15.0,85.0,0.0,Medium,92.0,0.4,82.0,True
930,858,Tammy Tanner,Male,85.52494331065759,15.0,65.0,2.0,High,78.0,2.0,69.0,False
931,859,Donna Robinson,Male,85.52494331065759,18.0,85.0,1.0,Low,78.0,0.8,72.0,False
932,860,Eric Wilson,Female,92.0,20.0,90.0,2.0,High,68.0,2.0,97.0,False
934,861,Russell Jones,Female,82.0,8.0,65.0,1.0,High,80.0,0.6,72.0,True
935,862,Darlene Burton,Unknown,95.0,8.0,86.0,1.0,Medium,78.0,1.4,81.0,True
936,863,Faith Johnson,Male,91.0,10.0,70.0,0.0,High,85.0,3.8,66.0,True
937,864,Nathan Miller,Male,85.0,20.0,70.0,3.0,High,92.0,5.0,87.0,True
938,865,Donna Fowler,Male,78.0,17.547235023041473,78.0,2.0,High,68.0,2.1,89.0,True
939,866,Whitney Jefferson,Male,70.0,8.0,70.0,2.0,Low,92.0,1.1,77.0,False
940,867,Shane Sanders,Female,85.0,18.0,85.0,2.0,Medium,85.0,4.7,95.0,False
941,868,Felicia Cline,Female,85.0,10.0,78.0,1.0,High,90.0,1.1,80.0,False
942,869,Jennifer Clark,Female,78.0,18.0,77.73785310734463,1.0,Medium,85.0,0.6,92.0,True
943,870,Miss Carla Coleman MD,Female,95.0,30.0,86.0,2.0,Low,90.0,1.2,67.0,True
944,871,William Nelson,Male,90.0,10.0,86.0,2.0,High,88.0,2.4370535714285713,91.0,True
945,872,Crystal Brown,Female,90.0,20.0,70.0,3.0,Medium,85.0,3.6,98.0,True
946,873,Erica Miller,Male,85.0,10.0,90.0,0.0,Low,85.0,4.5,98.0,False
947,874,Unknown,Female,90.0,8.0,85.0,1.0,Medium,72.0,4.7,82.0,True
949,875,Emily Martin,Unknown,78.0,17.0,70.0,1.0,Low,62.0,2.0,67.0,True
950,876,Erica Miller,Male,78.0,22.0,90.0,3.0,Low,80.0,4.4,100.0,False
951,877,Wesley May,Female,88.0,25.0,82.0,2.0,Low,87.0,0.9,52.0,True
952,878,Christopher Atkinson,Male,78.0,18.0,65.0,2.0,High,92.0,4.9,63.0,True
953,879,Blake Martinez,Female,91.0,30.0,88.0,2.0,Low,72.0,1.3,58.0,False
954,880,Joy Henderson,Unknown,85.0,17.547235023041473,88.0,3.0,Low,85.0,0.9,51.0,True
955,881,Mary Ramos,Female,91.0,12.0,90.0,1.0,High,90.0,1.3,87.0,False
956,882,Colleen Sanchez,Female,92.0,8.0,88.0,0.0,Medium,87.0,2.5,79.0,True
957,883,David Cruz,Male,91.0,17.0,65.0,1.0,High,85.0,0.8,61.0,False
958,884,Ralph Becker,Male,78.0,20.0,60.0,3.0,Medium,62.0,0.5,83.0,True
959,885,Denise Coleman,Male,70.0,8.0,78.0,2.0,High,80.0,0.7,99.0,True
960,886,Unknown,Male,91.0,15.0,78.0,2.0,Low,90.0,4.3,55.0,True
961,887,Samantha Mendoza,Female,91.0,17.547235023041473,65.0,2.0,Medium,78.0,0.8,53.0,False
962,888,Sean Lyons,Male,85.52494331065759,15.0,85.0,2.0,Medium,80.28977272727273,2.6,76.0,True
963,889,Anthony Smith,Male,85.0,25.0,60.0,0.0,High,90.0,3.3,64.0,False
965,890,Kristi Price,Male,85.0,22.0,65.0,0.0,Medium,72.0,1.7,61.0,False
966,891,Alex Douglas,Female,91.0,18.0,88.0,2.0,Medium,78.0,3.3,66.0,True
967,892,Ian Mcdonald,Male,78.0,30.0,65.0,0.0,Medium,78.0,4.1,57.0,False
968,893,David Bauer,Male,90.0,30.0,65.0,0.0,Medium,90.0,1.6,77.0,False
970,894,Linda Beasley,Male,91.0,8.0,70.0,3.0,Low,92.0,3.5,65.0,False
971,895,Maria Edwards,Male,85.0,17.547235023041473,70.0,1.0,High,87.0,0.3,72.0,False
972,896,Megan Hutchinson,Female,85.0,10.0,70.0,0.0,High,92.0,4.1,53.0,True
973,897,Jaime Simon,Unknown,70.0,15.0,60.0,1.0,High,87.0,3.3,54.0,True
974,898,Thomas Freeman,Male,78.0,30.0,65.0,2.0,High,87.0,0.1,76.0,True
976,899,Holly Leon,Male,78.0,15.0,78.0,3.0,High,72.0,2.4370535714285713,76.35949943117178,False
977,900,Travis Pierce,Female,91.0,12.0,82.0,3.0,Medium,68.0,1.4,55.0,False
979,901,Kristen Galloway,Female,95.0,8.0,60.0,0.0,High,90.0,3.2,62.0,False
980,902,Raven Taylor,Male,90.0,30.0,86.0,1.0,High,92.0,1.4,84.0,True
982,903,Christina Johnson,Male,91.0,22.0,78.0,3.0,High,80.0,0.2,55.0,False
984,904,Jessica Davies,Female,82.0,20.0,70.0,0.0,High,88.0,4.0,76.35949943117178,True
985,905,Daniel Sullivan,Male,78.0,17.0,85.0,2.0,Low,92.0,4.4,93.0,True
986,906,Richard Franklin,Female,85.0,10.0,88.0,2.0,Medium,88.0,4.3,77.0,True
987,907,Samantha Klein,Male,92.0,22.0,86.0,2.0,High,88.0,3.1,81.0,True
988,908,Becky Perkins,Male,88.0,12.0,85.0,1.0,High,78.0,1.6,68.0,True
989,909,Kimberly Pena,Female,91.0,30.0,88.0,2.0,High,68.0,3.6,79.0,False
991,910,Anna Martinez,Male,85.0,30.0,70.0,3.0,Medium,90.0,0.4,76.0,False
993,911,Monica Johnson,Female,90.0,25.0,60.0,1.0,Low,87.0,1.7,79.0,False
994,912,Shannon Porter,Male,78.0,20.0,60.0,0.0,High,62.0,1.6,70.0,False
996,913,Amy Stout,Female,91.0,17.547235023041473,86.0,0.0,High,90.0,3.9,80.0,True
997,914,Unknown,Male,85.0,8.0,82.0,2.0,Low,68.0,0.4,54.0,False
998,915,Joseph Sherman,Male,88.0,17.0,60.0,2.0,High,85.0,0.9,53.0,True
999,916,Maria Walls,Female,88.0,10.0,90.0,1.0,Medium,80.28977272727273,2.4,94.0,True
