StudentID,Name,Gender,AttendanceRate,StudyHoursPerWeek,PreviousGrade,ExtracurricularActivities,ParentalSupport,FinalGrade,StudyHours,Attendance,OnlineClassesTaken
1,John,Male,85.0,15.0,78.0,1.0,High,80.0,4.8,59.0,False
2,Sarah,Female,90.0,20.0,85.0,2.0,Medium,87.0,2.2,70.0,True
3,Alex,Male,78.0,10.0,65.0,0.0,Low,68.0,4.6,92.0,False
4,Michael,Male,92.0,25.0,90.0,3.0,High,92.0,2.9,96.0,False
5,Emma,Female,85.45303210463733,18.0,82.0,2.0,Medium,85.0,4.1,97.0,True
6,Olivia,Female,95.0,30.0,88.0,1.0,High,80.44100119189511,2.8,97.0,False
7,Daniel,Male,70.0,8.0,60.0,0.0,Low,62.0,4.5,96.0,False
8,Sophia,Female,85.45303210463733,17.0,77.0,1.0,Medium,78.0,1.0,70.0,True
9,James,Male,82.0,12.0,70.0,2.0,Low,72.0,3.6,50.0,False
10,Isabella,Female,91.0,22.0,86.0,3.0,High,88.0,2.9,59.0,True
11,Shannon Harrison,Male,88.0,25.0,90.0,0.0,High,87.0,3.4,84.0,True
12,Peter Davila,Male,85.0,20.0,77.85527876631079,3.0,Low,88.0,0.1,62.0,False
13,Katherine Gray,Female,91.0,18.0,78.0,0.0,Low,62.0,1.7,59.0,True
14,Megan Miller,Male,90.0,8.0,85.0,1.0,Medium,88.0,1.3,52.0,False
15,Derrick Alexander,Male,85.45303210463733,18.0,85.0,3.0,High,62.0,1.4,90.0,False
16,James Smith,Female,88.0,12.0,90.0,1.0,High,92.0,4.1,70.0,False
17,James Reynolds,Male,92.0,22.0,88.0,3.0,Low,78.0,2.0,91.0,False
18,Brittany Sutton,Female,78.0,25.0,70.0,2.0,Medium,88.0,2.1,87.0,False
19,Annette Medina,Male,78.0,12.0,77.0,2.0,High,87.0,0.8,60.0,False
20,James Duncan,Female,70.0,22.0,77.0,2.0,Medium,72.0,4.3,50.0,True
21,Donna Taylor,Female,95.0,20.0,82.0,1.0,High,78.0,0.0,96.0,False
22,David Robertson,Male,82.0,20.0,82.0,1.0,Low,80.44100119189511,0.8,98.0,True
23,Susan Brown,Male,91.0,30.0,77.0,1.0,High,90.0,4.4,69.0,True
24,Jessica Ortega,Male,91.0,20.0,77.85527876631079,1.0,High,72.0,3.8,58.0,False
25,Jeremy Hall,Female,85.45303210463733,17.52289156626506,60.0,3.0,Low,92.0,3.6,75.0,False
26,Peter Jones,Female,90.0,25.0,90.0,2.0,Medium,80.0,2.9,64.0,True
27,Michael Sampson,Male,85.0,25.0,77.85527876631079,1.0,Medium,87.0,2.6,67.0,False
28,Daniel Erickson,Male,91.0,22.0,77.0,3.0,Medium,62.0,1.0,56.0,False
29,David Aguilar,Female,70.0,17.0,78.0,2.0,High,80.44100119189511,3.6,56.0,True
30,Benjamin Vance,Male,82.0,17.0,65.0,0.0,High,85.0,2.3,54.0,False
31,Yolanda Chen,Male,82.0,15.0,85.0,3.0,High,80.44100119189511,2.4,63.0,False
32,Scott Davidson,Male,88.0,25.0,78.0,3.0,Low,72.0,0.3,70.0,True
33,Alexandra Harrington,Female,82.0,12.0,65.0,1.0,Low,87.0,4.3,54.0,True
34,Richard Johnson,Female,90.0,22.0,90.0,3.0,Low,80.0,3.1,76.0,False
35,Jerry Browning,Female,91.0,22.0,85.0,2.0,Low,92.0,2.5,58.0,False
36,Carrie Page,Male,95.0,18.0,65.0,1.0,Low,85.0,3.1,91.0,True
37,Michelle Benjamin,Male,78.0,18.0,85.0,2.0,Low,72.0,0.8,68.0,True
38,James Woods,Male,88.0,12.0,77.0,2.0,High,87.0,3.2,67.0,True
39,Angela Dunn,Female,78.0,18.0,65.0,1.0,Low,62.0,2.8,57.0,True
40,Nathan Riley,Male,95.0,22.0,70.0,0.0,Medium,68.0,0.2,73.0,True
41,Shelby Mahoney,Male,92.0,20.0,88.0,2.0,Medium,88.0,3.7,65.0,True
42,Andrea Frey,Female,85.0,10.0,88.0,0.0,Low,92.0,1.3,100.0,True
43,Justin Martin,Male,85.0,25.0,90.0,1.0,Medium,85.0,4.1,64.0,True
44,Mark Hartman,Male,70.0,30.0,82.0,2.0,Medium,90.0,3.2,75.0,False
45,Antonio Hansen,Male,88.0,10.0,86.0,2.0,High,87.0,3.0,72.0,False
46,Lynn Anderson,Male,70.0,22.0,90.0,2.0,High,62.0,0.0,84.0,True
47,Michael Cooley,Female,90.0,30.0,86.0,1.0,Low,87.0,3.6,69.0,False
48,Mitchell Sanders,Female,70.0,18.0,70.0,0.0,High,62.0,3.3,74.0,True
49,Maria Cross,Female,82.0,17.52289156626506,82.0,1.0,High,62.0,3.9,88.0,False
50,Lisa Castillo,Female,85.0,25.0,70.0,1.0,Low,68.0,3.3,68.0,False
51,Theresa Rodriguez,Male,88.0,25.0,90.0,0.0,High,80.0,1.2,80.0,True
52,Kimberly Wood,Female,91.0,25.0,60.0,1.0,Medium,92.0,0.7,94.0,True
53,Patricia Cox,Female,92.0,10.0,70.0,1.0,High,72.0,1.2,57.0,False
54,Kimberly Blair,Female,82.0,12.0,86.0,1.0,Medium,88.0,4.1,82.0,False
55,Jason Ramirez,Female,78.0,17.0,77.0,2.0,High,85.0,3.8,83.0,False
56,Gail Dudley,Female,85.0,20.0,82.0,3.0,Medium,90.0,1.6,84.0,True
57,John West,Male,92.0,8.0,65.0,3.0,High,62.0,2.0,84.0,False
58,Patricia Carr,Male,92.0,8.0,60.0,3.0,Low,80.0,4.3,98.0,False
59,David Nunez,Male,95.0,18.0,60.0,0.0,Low,72.0,4.0,64.0,False
60,Collin Peterson,Female,70.0,17.0,78.0,0.0,Medium,62.0,3.6,79.0,True
61,Rebecca Smith,Male,70.0,22.0,86.0,1.0,High,62.0,0.7,79.0,True
62,Lisa Benjamin,Female,70.0,30.0,90.0,1.0,Medium,90.0,3.8,76.40572792362768,False
63,Desiree Reyes,Female,90.0,17.0,78.0,2.0,High,90.0,1.1,54.0,True
64,Megan Diaz,Male,92.0,15.0,86.0,0.0,High,68.0,2.4,57.0,True
65,Joseph Adams,Female,95.0,10.0,86.0,3.0,Low,87.0,3.9,60.0,False
66,Sharon Watson,Male,88.0,22.0,60.0,0.0,Low,92.0,0.4,94.0,True
67,Tiffany Smith,Female,91.0,20.0,86.0,1.0,Medium,72.0,2.1,73.0,True
68,Alexander Preston,Female,85.0,8.0,77.0,2.0,Medium,90.0,3.2,79.0,True
69,Randall Hickman,Male,82.0,18.0,86.0,2.0,Medium,78.0,2.2,96.0,False
70,David Hernandez,Male,90.0,18.0,77.0,3.0,Medium,88.0,3.1,74.0,False
71,Michelle Jones,Female,95.0,10.0,77.0,3.0,Medium,85.0,0.0,100.0,False
72,Tonya Gonzalez,Male,90.0,25.0,60.0,1.0,Low,92.0,3.5,91.0,False
73,Sarah Johnson,Male,90.0,18.0,90.0,0.0,Low,92.0,1.5,87.0,False
74,Grace Valencia,Female,70.0,12.0,88.0,1.0,Low,78.0,1.4,66.0,True
75,Sarah Young,Male,95.0,20.0,70.0,0.0,High,92.0,3.7,67.0,False
76,Gerald Weber,Male,88.0,25.0,88.0,1.0,Medium,80.0,3.5,58.0,False
77,Gregory Turner,Male,82.0,18.0,77.85527876631079,1.0,High,80.0,2.9,80.0,False
78,Laura Cortez,Female,78.0,15.0,82.0,1.0,High,87.0,2.0,54.0,True
79,Lori Miller,Male,91.0,18.0,85.0,3.0,High,72.0,3.8,88.0,True
80,Lori Gomez PhD,Female,85.0,17.0,82.0,3.0,Medium,85.0,2.8,53.0,True
81,Dawn Foster,Male,88.0,20.0,65.0,1.0,High,72.0,0.4,50.0,False
82,Peter Welch,Female,88.0,15.0,90.0,2.0,Low,80.44100119189511,3.5,79.0,True
83,Maria Carter,Female,91.0,25.0,60.0,2.0,Low,92.0,3.2,67.0,True
84,Daniel Hood,Male,78.0,18.0,86.0,3.0,Medium,78.0,0.6,94.0,False
85,Amanda Hernandez,Female,82.0,12.0,77.0,1.0,High,88.0,0.2,77.0,False
86,Taylor Merritt DVM,Female,88.0,10.0,86.0,0.0,Low,78.0,4.8,80.0,False
87,Nathan Navarro,Male,95.0,18.0,88.0,2.0,Medium,72.0,4.1,50.0,False
88,Lisa Zimmerman,Male,92.0,12.0,88.0,3.0,Medium,78.0,3.8,63.0,False
89,Jeffrey Howard,Male,88.0,17.0,77.0,2.0,High,88.0,2.439415204678362,95.0,True
90,Morgan Bell,Male,82.0,17.52289156626506,85.0,1.0,High,78.0,4.7,91.0,True
91,Angelica Steele,Female,82.0,18.0,60.0,1.0,Medium,92.0,2.3,59.0,False
92,Gregory Daniels,Male,90.0,18.0,60.0,1.0,Low,85.0,4.1,68.0,False
93,Eric Davis,Male,85.0,12.0,77.0,1.0,Medium,72.0,3.8,74.0,False
94,Ruth Davis,Male,85.0,15.0,65.0,2.0,Low,90.0,4.3,78.0,True
95,Amanda Bowers,Female,92.0,20.0,60.0,1.0,Low,87.0,2.2,94.0,False
96,Alison Lang,Male,95.0,15.0,82.0,1.0,Medium,62.0,0.7,83.0,False
97,Matthew Massey,Male,78.0,20.0,86.0,1.0,Low,92.0,2.5,76.40572792362768,True
98,Robert Howard,Female,91.0,18.0,60.0,2.0,Medium,85.0,1.0,74.0,False
99,Rebecca Brown,Male,70.0,22.0,88.0,3.0,Medium,85.0,0.1,92.0,False
100,Kimberly Harrison,Male,91.0,15.0,86.0,1.0,Medium,92.0,3.0,72.0,True
101,Derek Parks,Female,78.0,20.0,78.0,2.0,Medium,80.0,2.9,76.40572792362768,True
102,Jennifer Baker,Female,95.0,8.0,65.0,3.0,High,72.0,4.4,73.0,False
103,Diana Schultz,Female,85.0,18.0,88.0,2.0,Medium,87.0,0.7,64.0,False
104,Mrs. Jill Long,Male,70.0,15.0,82.0,1.0,High,78.0,1.8,97.0,False
105,Heather Johnson,Female,90.0,25.0,77.0,1.0,Low,72.0,1.6,89.0,True
106,Robert Lowery,Female,88.0,8.0,85.0,0.0,High,80.0,1.5,81.0,True
107,Unknown,Male,82.0,10.0,60.0,1.0,Medium,72.0,2.1,97.0,True
108,Brent Burns,Male,95.0,12.0,88.0,1.0,Medium,85.0,0.9,57.0,False
109,Melissa Barber,Male,91.0,15.0,78.0,1.0,High,68.0,3.9,63.0,True
110,John Warner,Male,92.0,30.0,65.0,3.0,High,80.44100119189511,4.3,59.0,True
111,Christopher Baxter,Female,78.0,17.52289156626506,78.0,0.0,High,90.0,3.9,65.0,False
112,Courtney Haas,Male,88.0,15.0,65.0,0.0,Low,87.0,3.7,80.0,False
113,Sarah Ross,Male,85.0,12.0,90.0,3.0,High,72.0,1.5,91.0,True
114,Manuel Baker,Female,70.0,8.0,85.0,1.0,Low,80.44100119189511,0.4,55.0,False
115,Jessica Lamb,Male,78.0,18.0,86.0,1.0,Low,90.0,0.0,100.0,False
116,Jaime Nguyen,Female,90.0,20.0,70.0,3.0,Medium,78.0,4.4,76.0,False
117,Christina Thompson,Male,90.0,20.0,60.0,2.0,Low,90.0,4.1,85.0,True
118,Shari Harrell,Male,70.0,17.52289156626506,60.0,1.0,Medium,88.0,1.6,56.0,True
119,Tracy Gibbs,Female,92.0,20.0,88.0,2.0,Medium,87.0,3.8,86.0,True
120,David Hoffman,Male,91.0,17.52289156626506,78.0,0.0,Medium,85.0,4.6,72.0,True
121,Robert Davis,Male,91.0,8.0,85.0,0.0,Low,80.0,0.5,83.0,True
122,Patricia Greer,Female,85.0,30.0,77.85527876631079,1.0,Medium,90.0,3.9,86.0,True
123,James Stewart,Male,78.0,22.0,78.0,2.0,Medium,78.0,3.3,81.0,False
124,Brent Mendoza,Female,92.0,12.0,85.0,1.0,Medium,87.0,1.4,93.0,False
125,Dawn Taylor,Female,85.0,25.0,60.0,3.0,High,80.0,1.0,63.0,True
126,Larry Brown,Female,95.0,20.0,78.0,1.0,Low,62.0,0.9,74.0,True
127,Miss Teresa Hernandez MD,Female,90.0,8.0,78.0,0.0,High,78.0,4.6,70.0,False
128,Edward Baker,Female,88.0,20.0,60.0,1.0,Medium,68.0,4.0,89.0,False
129,Diana Gould,Male,70.0,20.0,90.0,0.0,Low,62.0,2.6,75.0,False
130,Amy Rodriguez,Male,95.0,10.0,85.0,2.0,Low,80.44100119189511,2.7,62.0,False
131,Paul Hull,Male,92.0,20.0,65.0,2.0,High,68.0,3.0,98.0,True
132,Allison Hamilton,Female,85.0,22.0,86.0,1.0,Low,88.0,3.2,89.0,False
133,John King,Male,85.0,20.0,77.0,1.0,Low,85.0,4.0,87.0,True
134,Tristan Avila,Male,88.0,17.0,77.0,1.0,High,90.0,4.2,54.0,True
135,Connie Cooper,Female,85.0,22.0,70.0,1.0,Medium,88.0,3.3,70.0,False
136,Judith Santos,Male,85.0,17.0,85.0,1.0,Low,87.0,2.5,61.0,True
137,Michaela Powell,Female,85.0,12.0,70.0,3.0,High,90.0,0.0,100.0,False
138,Lawrence Roberts,Female,91.0,15.0,88.0,2.0,Medium,87.0,2.8,74.0,False
139,Nicholas Robinson DDS,Male,95.0,20.0,86.0,0.0,Medium,85.0,4.8,94.0,False
140,Jill Smith,Male,88.0,12.0,60.0,1.0,High,72.0,0.5,92.0,False
141,Michael Burns,Female,85.0,30.0,82.0,0.0,High,90.0,4.7,81.0,True
142,Adam Weaver,Male,78.0,20.0,82.0,2.0,Low,72.0,4.2,83.0,True
143,Melvin Mcgee,Male,91.0,8.0,65.0,0.0,High,88.0,4.0,60.0,False
144,William Banks,Female,95.0,25.0,77.0,3.0,Medium,78.0,1.2,65.0,False
145,Dawn Morton,Male,95.0,22.0,77.85527876631079,1.0,Medium,80.44100119189511,2.5,76.0,True
146,Frank Dawson,Male,85.45303210463733,15.0,77.0,1.0,Low,87.0,3.6,83.0,True
147,Gregory Davila,Male,78.0,18.0,77.0,2.0,High,62.0,0.5,64.0,False
148,Rebekah Finley,Male,70.0,15.0,60.0,2.0,Medium,92.0,1.9,55.0,False
149,Robert Martinez,Male,95.0,20.0,88.0,0.0,High,80.0,1.4,80.0,True
150,Steven Crawford,Female,91.0,15.0,85.0,1.0,Medium,92.0,4.2,85.0,False
151,Leslie King,Female,92.0,17.52289156626506,85.0,1.0,High,80.44100119189511,3.2,89.0,False
152,George Cannon,Male,85.0,22.0,70.0,1.0,Low,72.0,2.9,95.0,True
153,Adam Carlson,Female,85.0,22.0,88.0,3.0,High,62.0,0.9,92.0,True
154,Stephanie Lawrence,Female,90.0,12.0,70.0,2.0,Low,72.0,0.1,80.0,True
155,Unknown,Female,88.0,15.0,88.0,2.0,Medium,92.0,3.7,90.0,True
156,Adam Blackwell,Male,85.0,30.0,70.0,1.0,Low,68.0,4.2,93.0,False
157,Andrew Owens,Male,78.0,20.0,77.0,1.0,Medium,92.0,0.2,62.0,True
158,John Sexton,Female,82.0,8.0,70.0,1.0,Medium,80.0,3.8,76.40572792362768,False
159,Leon Nguyen,Female,85.0,30.0,70.0,2.0,High,62.0,0.4,88.0,True
160,John White,Female,95.0,20.0,85.0,1.0,Low,85.0,1.5,88.0,False
161,Justin Martinez,Female,95.0,17.0,78.0,1.0,Low,62.0,1.4,100.0,True
162,Nathaniel Kemp,Female,85.45303210463733,12.0,65.0,1.0,High,88.0,3.4,78.0,True
163,Jacob Murray,Male,92.0,30.0,88.0,0.0,Low,80.0,3.0,93.0,False
164,Anthony Green,Female,85.0,20.0,86.0,0.0,Low,90.0,2.0,91.0,False
165,Trevor Freeman,Male,85.0,17.52289156626506,77.0,2.0,Medium,72.0,2.439415204678362,99.0,False
166,Michael Smith,Male,91.0,18.0,77.0,3.0,High,68.0,4.3,78.0,True
167,William Hogan,Male,95.0,30.0,85.0,2.0,Low,85.0,4.5,60.0,True
168,Unknown,Male,90.0,25.0,65.0,3.0,Medium,80.0,1.8,86.0,False
169,Unknown,Male,91.0,20.0,85.0,2.0,Medium,78.0,2.6,99.0,False
170,Joshua Juarez,Male,95.0,20.0,77.0,1.0,High,72.0,1.7,99.0,True
171,Keith Wu,Female,82.0,15.0,85.0,2.0,High,85.0,0.8,70.0,True
172,Ryan Williams,Female,90.0,18.0,90.0,1.0,High,68.0,3.1,89.0,True
173,Ronald Stewart,Male,91.0,22.0,65.0,0.0,Low,88.0,3.6,88.0,False
174,Ronald Schmidt,Male,90.0,15.0,86.0,2.0,Low,92.0,3.8,76.0,True
175,Courtney Bradley,Female,88.0,17.0,90.0,0.0,Medium,78.0,0.4,53.0,True
176,Deanna Gonzalez,Female,85.0,17.0,90.0,1.0,Low,68.0,1.6,95.0,False
177,Darrell Adams,Female,78.0,30.0,70.0,2.0,High,90.0,1.2,57.0,False
178,Michael Mata,Male,78.0,20.0,78.0,2.0,Medium,88.0,2.1,60.0,True
179,Anthony Dunn,Male,78.0,17.0,77.85527876631079,1.0,Medium,85.0,2.5,55.0,False
180,Jill Williams,Male,90.0,8.0,65.0,2.0,Low,90.0,3.8,73.0,True
181,Julia Russell,Male,91.0,12.0,90.0,1.0,Low,85.0,0.4,82.0,False
182,Tonya Thompson,Female,82.0,15.0,78.0,1.0,High,90.0,4.0,83.0,False
183,Brandon Williamson,Male,95.0,17.52289156626506,88.0,0.0,Medium,80.44100119189511,2.439415204678362,69.0,False
184,Joseph Davis,Female,91.0,18.0,77.85527876631079,1.0,Medium,90.0,3.4,76.0,False
185,Elizabeth Andersen,Female,88.0,22.0,86.0,3.0,Low,80.0,2.9,60.0,False
186,Christopher Jones,Female,82.0,22.0,77.0,1.0,Low,68.0,2.6,85.0,False
187,Aimee Rogers,Female,95.0,10.0,77.0,2.0,Medium,72.0,2.439415204678362,99.0,False
188,Alexis Bates,Male,92.0,18.0,70.0,2.0,High,85.0,3.9,95.0,True
189,Michael Evans,Female,85.0,30.0,70.0,2.0,Medium,87.0,2.439415204678362,76.40572792362768,False
190,Omar Gonzalez,Female,78.0,18.0,78.0,2.0,Low,87.0,1.7,78.0,False
191,Melissa Perry,Male,92.0,12.0,82.0,2.0,Low,85.0,0.7,89.0,True
192,Dawn Torres,Male,82.0,25.0,90.0,1.0,High,62.0,1.7,80.0,True
193,Timothy Dean,Male,82.0,17.52289156626506,60.0,1.0,Medium,92.0,3.8,68.0,False
194,Anna Rollins MD,Male,90.0,22.0,90.0,2.0,Low,80.0,4.6,61.0,False
195,Timothy Barrera,Male,70.0,17.0,65.0,2.0,High,80.0,1.5,76.40572792362768,True
196,Susan Morris,Female,85.0,12.0,70.0,1.0,High,72.0,2.3,62.0,True
197,Gordon Merritt,Male,85.0,18.0,65.0,1.0,Low,90.0,4.0,86.0,True
198,Kristy Rhodes,Female,70.0,12.0,88.0,2.0,Medium,87.0,0.9,58.0,False
199,Ms. Marissa Ramirez,Female,92.0,15.0,85.0,1.0,High,68.0,2.0,82.0,False
200,Mrs. Kathy Woodward,Female,82.0,25.0,90.0,3.0,High,72.0,2.2,95.0,False
201,Alexis Horn,Male,85.0,12.0,70.0,3.0,Low,72.0,0.7,70.0,False
202,Shannon Harris DDS,Male,91.0,17.0,85.0,2.0,Medium,80.0,2.3,82.0,False
203,Alicia Ortiz,Male,82.0,17.0,82.0,1.0,Medium,85.0,0.0,100.0,True
204,Alexis Walton,Female,78.0,10.0,60.0,1.0,Medium,80.44100119189511,4.3,74.0,False
205,Gina Palmer,Female,85.0,12.0,60.0,2.0,Medium,92.0,1.2,72.0,True
206,Jean Moreno,Male,90.0,15.0,60.0,3.0,High,80.44100119189511,1.0,56.0,True
207,David Anderson,Male,92.0,15.0,60.0,1.0,High,72.0,1.1,99.0,True
208,Brian Huffman,Female,92.0,22.0,77.85527876631079,3.0,Low,90.0,1.2,59.0,True
209,Cathy Pratt,Female,85.45303210463733,12.0,88.0,0.0,Medium,68.0,1.5,61.0,False
210,Kathy Sandoval,Male,88.0,10.0,77.0,1.0,Low,62.0,4.8,85.0,True
211,Michael Webb,Male,88.0,25.0,88.0,2.0,Medium,90.0,0.5,96.0,True
212,Ronnie Taylor,Female,70.0,22.0,86.0,1.0,High,92.0,4.0,87.0,True
213,Matthew Miller,Male,95.0,18.0,78.0,3.0,High,87.0,3.7,98.0,False
214,Shelly Hurley,Male,70.0,25.0,70.0,1.0,Medium,62.0,2.3,91.0,False
215,Mr. Martin Dominguez MD,Female,95.0,12.0,77.0,1.0,High,78.0,3.8,70.0,True
216,Jennifer Wiggins,Female,70.0,17.52289156626506,86.0,3.0,Low,68.0,0.1,85.0,False
217,Anthony Smith,Male,92.0,30.0,90.0,0.0,Low,92.0,2.5,91.0,False
218,John Lopez,Female,85.0,17.0,65.0,1.0,High,68.0,3.6,81.0,True
219,Nathan Rodgers,Male,82.0,15.0,85.0,1.0,High,62.0,0.7,90.0,True
220,Martin Walker,Male,85.0,25.0,70.0,1.0,Medium,80.0,3.1,92.0,False
221,Jesus Wood,Male,85.0,12.0,70.0,0.0,High,80.0,2.6,67.0,False
222,Kelly Bell,Female,78.0,20.0,85.0,2.0,High,92.0,1.0,83.0,False
223,Kathryn Randall,Female,70.0,20.0,88.0,0.0,Medium,88.0,1.2,94.0,True
224,Sarah Norris,Male,85.0,20.0,60.0,0.0,Medium,72.0,2.4,90.0,True
225,Matthew Adams,Male,85.0,8.0,77.85527876631079,3.0,High,72.0,4.6,64.0,True
226,William Wade,Female,85.0,20.0,82.0,2.0,Low,80.0,0.9,70.0,True
227,Teresa Sanders,Male,90.0,12.0,88.0,1.0,High,62.0,1.2,54.0,False
228,Richard Oneal,Female,85.0,18.0,77.0,1.0,High,90.0,2.8,74.0,False
229,Christine Cooper,Female,90.0,22.0,82.0,3.0,Low,87.0,0.4,59.0,False
230,Michael Foster,Female,95.0,30.0,77.85527876631079,2.0,High,85.0,0.0,100.0,False
231,Loretta Gonzalez,Male,90.0,10.0,60.0,1.0,Low,72.0,2.6,56.0,True
232,Douglas Ingram,Female,82.0,20.0,86.0,3.0,Medium,62.0,0.1,76.0,False
233,Randy Anderson,Male,91.0,12.0,65.0,0.0,High,68.0,1.3,67.0,False
234,Donna Shaw,Male,78.0,8.0,82.0,0.0,Medium,78.0,3.9,73.0,False
235,Joseph Holt,Female,91.0,22.0,90.0,1.0,High,68.0,2.439415204678362,75.0,False
236,Taylor Acosta,Female,85.0,30.0,60.0,3.0,High,85.0,1.6,94.0,True
237,Danielle Scott,Female,78.0,8.0,88.0,2.0,Low,78.0,4.8,100.0,True
238,Melissa Aguirre,Female,88.0,8.0,88.0,2.0,Low,92.0,3.0,84.0,True
239,Cassandra Snyder,Female,92.0,17.0,82.0,2.0,Medium,80.44100119189511,0.7,69.0,True
240,Kimberly Lambert,Male,70.0,8.0,85.0,1.0,Low,78.0,2.9,84.0,False
241,Rebecca Mendoza DDS,Male,95.0,12.0,86.0,2.0,High,92.0,3.3,72.0,True
242,Michael Anderson,Female,95.0,8.0,85.0,1.0,High,85.0,1.1,97.0,True
243,Hannah Gentry,Female,70.0,17.0,86.0,2.0,High,90.0,5.0,80.0,True
244,Patrick Reed,Female,90.0,20.0,65.0,1.0,Medium,90.0,2.3,63.0,False
245,Tiffany Huff,Female,90.0,17.52289156626506,77.0,1.0,High,85.0,0.2,95.0,True
246,Thomas Lee,Female,90.0,10.0,90.0,2.0,High,72.0,0.8,85.0,False
247,Justin Clark,Male,70.0,10.0,65.0,1.0,Medium,80.0,3.7,62.0,False
248,Michael Martinez,Female,85.0,25.0,90.0,2.0,Low,87.0,2.9,84.0,True
249,Vincent Smith,Female,85.45303210463733,17.0,85.0,2.0,Low,78.0,2.6,90.0,False
250,Sean Hull,Female,91.0,20.0,88.0,1.0,Medium,88.0,0.9,93.0,False
251,Sarah Welch,Male,95.0,20.0,90.0,2.0,High,68.0,1.9,59.0,False
252,Mr. Stephen Gilmore,Male,91.0,8.0,60.0,0.0,Medium,72.0,3.5,91.0,True
253,Barry Parker,Female,85.45303210463733,10.0,65.0,1.0,Medium,88.0,2.439415204678362,72.0,True
254,Joshua Kane,Male,92.0,8.0,70.0,2.0,Low,78.0,2.0,81.0,False
255,Anthony Wright,Female,78.0,20.0,86.0,1.0,High,85.0,0.2,64.0,False
256,Nathaniel Lopez,Female,91.0,17.0,70.0,2.0,High,88.0,0.6,99.0,False
257,Darlene Fletcher,Male,85.0,12.0,90.0,0.0,High,92.0,1.5,76.40572792362768,False
258,Christopher Moore,Female,90.0,17.0,85.0,3.0,High,88.0,3.4,95.0,False
259,Benjamin White,Male,92.0,25.0,78.0,3.0,Medium,72.0,2.439415204678362,84.0,True
260,Jenny Coleman,Female,88.0,22.0,82.0,1.0,Low,87.0,0.7,98.0,False
261,Michael Gomez,Female,78.0,10.0,90.0,0.0,Low,90.0,4.1,98.0,False
262,Caleb Serrano,Male,91.0,18.0,60.0,0.0,Medium,87.0,3.2,99.0,True
263,William Carlson,Female,95.0,17.0,77.0,1.0,Low,80.0,4.3,96.0,True
264,Timothy Pruitt,Female,90.0,12.0,60.0,3.0,Medium,92.0,2.5,70.0,False
265,Mario Johnston,Male,91.0,17.0,88.0,1.0,High,87.0,3.1,79.0,True
266,Rebecca Kim,Male,85.0,17.0,78.0,0.0,High,68.0,4.4,76.40572792362768,True
267,Joyce Williams,Male,95.0,18.0,85.0,1.0,Low,68.0,0.3,90.0,False
268,Cynthia Sloan,Female,90.0,20.0,78.0,1.0,Medium,87.0,0.7,64.0,False
269,Unknown,Female,95.0,18.0,65.0,0.0,High,68.0,0.3,86.0,True
270,Patricia Williams,Female,95.0,25.0,65.0,0.0,Low,78.0,4.3,55.0,True
271,Michael Payne,Male,91.0,8.0,88.0,0.0,Medium,68.0,1.2,91.0,True
272,Brooke Friedman,Female,85.0,18.0,90.0,2.0,Low,72.0,0.9,75.0,False
273,Daniel Mathis,Male,85.0,8.0,85.0,3.0,Medium,88.0,0.4,50.0,False
274,Kimberly Randolph,Male,85.0,18.0,90.0,1.0,High,62.0,2.5,90.0,False
275,Jack Simmons,Female,90.0,12.0,70.0,3.0,High,85.0,0.4,55.0,True
276,Daniel Mendez,Female,70.0,22.0,85.0,2.0,Low,62.0,3.6,65.0,True
277,Travis Lawson,Male,70.0,20.0,77.0,3.0,Low,80.0,1.5,97.0,True
278,Jason Horne DDS,Male,78.0,15.0,65.0,1.0,Medium,72.0,2.439415204678362,96.0,False
279,Shawn Galloway,Female,78.0,18.0,85.0,1.0,Medium,62.0,1.4,54.0,False
280,Thomas Barnes,Female,85.0,12.0,88.0,1.0,Medium,88.0,0.8,60.0,False
281,Elizabeth Curry,Male,92.0,12.0,77.85527876631079,1.0,High,92.0,0.2,73.0,False
282,Nicole Cunningham,Male,85.0,12.0,60.0,3.0,High,92.0,2.1,96.0,False
283,Patrick Thompson,Male,91.0,30.0,85.0,2.0,Low,80.0,0.9,83.0,True
284,Marissa Stewart,Male,85.0,18.0,82.0,1.0,High,72.0,2.3,73.0,True
285,Melissa Wilson,Female,91.0,25.0,77.0,1.0,Low,78.0,5.0,99.0,True
286,Mark Castillo,Male,70.0,18.0,85.0,3.0,Low,92.0,2.1,53.0,True
287,Mr. Kent Stanton,Male,85.0,25.0,70.0,0.0,Low,90.0,2.3,97.0,True
288,Tyrone Phillips,Male,70.0,20.0,86.0,3.0,High,62.0,3.3,58.0,True
289,Christopher Collins,Female,95.0,8.0,88.0,1.0,Medium,85.0,1.2,62.0,True
290,Christopher Mccullough,Female,85.0,18.0,85.0,2.0,High,85.0,4.1,94.0,True
291,Carla Rodriguez,Female,78.0,20.0,90.0,1.0,Medium,72.0,0.2,69.0,False
292,Makayla Howard,Male,70.0,17.0,70.0,2.0,High,87.0,2.3,100.0,True
293,Barbara White,Male,85.0,25.0,65.0,3.0,Medium,90.0,3.4,91.0,True
294,Sarah Davis,Male,85.0,20.0,90.0,1.0,High,87.0,4.5,76.40572792362768,True
295,Cody Donovan,Female,85.0,10.0,86.0,0.0,Low,62.0,2.5,74.0,False
296,Jessica Jenkins,Female,92.0,10.0,82.0,2.0,High,68.0,0.0,100.0,True
297,Benjamin Alexander,Female,70.0,12.0,77.0,1.0,High,85.0,1.9,76.0,True
298,Isaac Lopez,Male,82.0,15.0,60.0,1.0,Medium,72.0,3.9,72.0,False
299,Brian Avery,Female,85.45303210463733,17.52289156626506,86.0,3.0,High,87.0,1.2,65.0,False
300,Amy Lawson,Male,92.0,22.0,60.0,1.0,High,68.0,1.2,76.40572792362768,False
301,Derek Choi,Female,91.0,22.0,65.0,3.0,High,78.0,2.7,61.0,False
302,Paul Reese,Male,85.0,25.0,86.0,3.0,High,72.0,2.4,71.0,True
303,Francisco Chang,Female,78.0,30.0,78.0,1.0,High,88.0,3.5,59.0,True
304,Christian Knight,Female,90.0,17.52289156626506,60.0,3.0,High,90.0,1.5,58.0,True
305,Andrew Wilkerson,Female,95.0,10.0,70.0,3.0,Medium,92.0,3.3,61.0,False
306,Brandon Alvarez,Female,78.0,10.0,78.0,3.0,Medium,88.0,0.2,88.0,False
307,Gary Young,Male,85.0,10.0,88.0,2.0,High,90.0,4.9,60.0,True
308,Jessica Wright,Female,85.0,18.0,90.0,3.0,Low,87.0,1.8,100.0,True
309,Timothy Clements,Male,70.0,17.0,60.0,0.0,Medium,80.44100119189511,4.4,72.0,False
310,Alexander Gordon DDS,Female,91.0,25.0,65.0,1.0,High,80.0,1.5,70.0,False
311,James Martinez,Male,95.0,10.0,60.0,0.0,Low,87.0,2.7,55.0,False
312,Francisco Williams,Male,70.0,10.0,86.0,0.0,High,80.0,0.5,63.0,True
313,Jordan Brooks,Female,88.0,18.0,90.0,2.0,High,62.0,2.9,81.0,True
314,Kurt Boyd,Female,85.0,8.0,85.0,2.0,Low,88.0,2.4,56.0,True
315,Bryan Salazar,Male,88.0,20.0,77.0,2.0,Medium,62.0,2.4,92.0,False
316,Mrs. Heather Roy,Female,78.0,30.0,60.0,1.0,High,78.0,0.2,78.0,False
317,Unknown,Male,85.45303210463733,22.0,78.0,0.0,Low,87.0,0.4,72.0,False
318,Kathleen Newton,Male,70.0,12.0,60.0,2.0,Low,78.0,2.9,65.0,False
319,Julian Fox,Male,70.0,15.0,70.0,3.0,Low,88.0,3.4,89.0,True
320,Kylie Hancock,Female,78.0,10.0,90.0,3.0,High,80.0,2.1,93.0,False
321,Matthew Werner,Male,91.0,18.0,88.0,2.0,High,62.0,2.8,85.0,False
322,Kelsey Bush,Female,85.0,22.0,86.0,2.0,Medium,87.0,2.1,59.0,True
323,Brandon Dickerson,Male,88.0,12.0,88.0,0.0,Medium,62.0,3.3,86.0,False
324,Jamie Allen,Male,88.0,8.0,65.0,3.0,Low,62.0,0.2,71.0,True
325,Taylor Smith,Female,88.0,30.0,78.0,1.0,Medium,80.44100119189511,1.4,81.0,True
326,Elizabeth Chavez,Male,88.0,17.0,88.0,2.0,Low,62.0,3.0,55.0,True
327,Donna Hardin,Female,78.0,12.0,86.0,1.0,High,92.0,4.4,62.0,True
328,Andrew Cook,Male,85.0,15.0,88.0,3.0,Medium,80.44100119189511,4.1,82.0,False
329,Samuel Shaw,Male,88.0,20.0,82.0,1.0,Medium,80.0,0.8,86.0,True
330,Mike Waters,Male,92.0,18.0,60.0,2.0,High,80.0,2.4,58.0,True
331,Unknown,Female,88.0,12.0,86.0,0.0,Low,87.0,0.0,92.0,True
332,Barry Jenkins,Female,90.0,17.0,85.0,1.0,Medium,90.0,4.3,76.40572792362768,False
333,Laurie Johnson,Male,82.0,25.0,78.0,3.0,Medium,90.0,3.4,96.0,True
334,John Coleman,Female,88.0,8.0,60.0,0.0,Low,80.0,2.9,86.0,True
335,John Carter,Male,82.0,17.0,88.0,2.0,Medium,68.0,4.2,85.0,True
336,Mr. Devon Garrett,Male,85.0,10.0,82.0,2.0,High,90.0,3.3,64.0,False
337,Jill Kelly,Female,70.0,30.0,77.85527876631079,2.0,Low,85.0,0.0,100.0,False
338,Richard Gonzalez,Male,85.0,25.0,70.0,2.0,Low,62.0,2.6,76.0,True
339,Alex White,Male,92.0,30.0,60.0,3.0,Medium,68.0,1.6,95.0,True
340,Michael Gonzales,Female,95.0,10.0,88.0,1.0,High,78.0,1.4,98.0,True
341,John Williams,Female,90.0,10.0,86.0,1.0,Low,62.0,2.0,80.0,False
342,Daniel Herrera,Male,82.0,25.0,88.0,1.0,Medium,72.0,1.0,93.0,True
343,Ian Glass,Female,88.0,17.0,70.0,3.0,Low,80.44100119189511,2.2,93.0,True
344,Heidi Simmons,Female,95.0,25.0,65.0,0.0,High,92.0,1.1,58.0,True
345,Andrea Fuller,Male,90.0,30.0,78.0,0.0,Low,85.0,3.9,89.0,True
346,David Dunlap,Male,85.0,15.0,85.0,0.0,Medium,62.0,0.6,66.0,False
347,Antonio Mitchell,Male,85.0,18.0,60.0,2.0,Low,72.0,1.3,88.0,True
348,Mariah Cole,Male,82.0,22.0,85.0,2.0,High,87.0,2.5,88.0,True
349,Raymond Murillo,Male,85.0,15.0,85.0,2.0,Low,78.0,0.0,100.0,True
350,Andrea Bradley,Female,92.0,17.0,82.0,2.0,Medium,80.0,0.5,61.0,True
351,Unknown,Female,95.0,8.0,85.0,2.0,High,80.0,4.3,76.40572792362768,True
352,Tina Velazquez,Female,85.45303210463733,22.0,82.0,2.0,Medium,90.0,0.9,75.0,False
353,Bonnie Callahan,Female,70.0,17.0,60.0,0.0,High,68.0,3.5,53.0,True
354,Eric Scott,Female,91.0,17.0,86.0,1.0,High,88.0,1.9,72.0,True
355,Michael Valenzuela,Male,95.0,12.0,70.0,1.0,High,62.0,3.3,65.0,False
356,Robin Spears,Female,78.0,12.0,86.0,1.0,High,68.0,2.5,80.0,False
357,David Owens,Male,85.0,30.0,90.0,1.0,Medium,80.0,2.5,85.0,False
358,Elizabeth Clark,Female,85.0,20.0,77.85527876631079,0.0,High,72.0,2.7,55.0,False
359,Beverly Fisher,Male,85.0,30.0,88.0,1.0,High,78.0,1.7,76.40572792362768,False
360,Sarah Bailey,Female,90.0,20.0,90.0,1.0,Medium,90.0,4.1,68.0,False
361,Kendra Ramirez,Male,78.0,17.0,65.0,0.0,High,85.0,3.1,62.0,True
362,Diane Ross,Male,85.0,25.0,88.0,2.0,Medium,80.0,4.6,93.0,True
363,Michelle Woods,Male,91.0,10.0,65.0,2.0,Medium,88.0,3.0,70.0,False
364,David Ruiz,Male,88.0,8.0,88.0,2.0,Medium,68.0,0.7,88.0,False
365,Jason Castro,Female,82.0,17.52289156626506,90.0,3.0,Low,85.0,3.4,93.0,True
366,Kathleen Montgomery,Female,90.0,17.52289156626506,70.0,1.0,Low,88.0,4.7,95.0,False
367,James Bennett,Female,70.0,17.52289156626506,70.0,2.0,High,62.0,0.7,92.0,True
368,Kelsey Watkins,Female,78.0,17.52289156626506,82.0,0.0,High,85.0,1.0,76.40572792362768,True
369,David Park,Female,90.0,22.0,70.0,3.0,Low,72.0,1.9,82.0,False
370,Christopher Poole,Female,70.0,8.0,88.0,2.0,High,80.0,3.7,62.0,False
371,Rebecca Baxter,Female,85.45303210463733,12.0,86.0,3.0,Low,92.0,1.5,61.0,True
372,Virginia Daniel,Male,82.0,20.0,60.0,1.0,Medium,85.0,2.8,58.0,True
373,Melissa Gordon,Male,95.0,17.0,65.0,1.0,High,90.0,3.0,99.0,True
374,Brett Barrett,Female,90.0,30.0,70.0,3.0,High,72.0,0.3,82.0,True
375,Brandon Townsend,Female,90.0,30.0,90.0,3.0,Low,90.0,2.439415204678362,68.0,True
376,Haley Robertson,Female,82.0,15.0,85.0,1.0,Medium,92.0,4.5,89.0,True
377,Michelle Gonzalez,Female,70.0,20.0,60.0,2.0,Low,85.0,0.1,83.0,False
378,Gary Holland,Female,85.0,17.52289156626506,82.0,3.0,Medium,72.0,0.4,56.0,True
379,Felicia Howard,Male,90.0,25.0,90.0,0.0,High,92.0,2.7,94.0,False
380,Sean Walker,Male,85.0,17.0,88.0,1.0,High,87.0,0.3,100.0,False
381,Brianna Mills,Male,88.0,8.0,60.0,1.0,Low,62.0,2.2,51.0,False
382,Michael Case,Male,91.0,20.0,86.0,1.0,Low,87.0,1.8,82.0,True
383,Felicia Houston,Female,91.0,20.0,82.0,1.0,Medium,62.0,4.1,51.0,False
384,Kevin Wilson,Male,78.0,8.0,70.0,2.0,Low,68.0,1.5,100.0,False
385,Mary Vaughn,Male,90.0,15.0,78.0,3.0,Low,62.0,2.7,55.0,True
386,Unknown,Female,92.0,8.0,70.0,0.0,High,68.0,1.1,66.0,True
387,Unknown,Male,92.0,30.0,77.0,1.0,Medium,88.0,3.3,94.0,True
388,Rebecca Evans,Female,85.45303210463733,10.0,78.0,1.0,High,92.0,3.6,91.0,False
389,Paul Williams,Female,78.0,30.0,77.0,1.0,Medium,90.0,3.9,81.0,True
390,Tyler Boyer,Male,88.0,10.0,70.0,3.0,Medium,87.0,3.6,51.0,True
391,Kristy Nichols,Male,85.0,12.0,82.0,2.0,Low,78.0,3.3,59.0,False
392,Darren Martin,Male,91.0,18.0,65.0,1.0,Low,72.0,0.5,73.0,True
393,Katelyn Morgan,Male,82.0,10.0,77.0,0.0,High,88.0,4.7,92.0,True
394,Jesus Henson,Female,70.0,17.0,77.0,1.0,High,90.0,0.5,83.0,False
395,Robin Stewart,Male,70.0,8.0,88.0,3.0,Low,87.0,2.6,74.0,True
396,Lawrence Miller,Female,95.0,30.0,77.0,1.0,Low,80.0,2.5,76.40572792362768,False
397,Ronnie White,Male,90.0,12.0,82.0,3.0,High,68.0,0.8,88.0,True
398,John Fox,Female,95.0,20.0,77.0,1.0,Medium,92.0,3.0,91.0,False
399,Unknown,Male,85.0,10.0,86.0,3.0,High,68.0,3.1,52.0,True
400,Daniel Scott,Male,88.0,10.0,70.0,0.0,Low,88.0,3.2,96.0,False
401,Unknown,Male,85.0,22.0,77.0,1.0,High,92.0,4.2,88.0,True
402,Jonathan Mann,Female,78.0,17.52289156626506,77.0,3.0,Low,87.0,1.1,76.40572792362768,True
403,Bethany Andersen,Male,92.0,17.52289156626506,70.0,0.0,High,88.0,0.5,80.0,True
404,Tiffany Moore,Male,90.0,17.0,65.0,3.0,Low,80.0,4.5,99.0,False
405,Sylvia Chavez,Female,95.0,15.0,70.0,0.0,High,78.0,3.9,74.0,False
406,Gerald Reilly,Female,78.0,18.0,77.0,3.0,High,85.0,3.0,76.40572792362768,False
407,Ashlee Wilcox,Male,85.0,15.0,86.0,2.0,High,72.0,0.0,91.0,True
408,Lance Johnson,Female,95.0,20.0,65.0,0.0,Low,88.0,1.3,84.0,False
409,Unknown,Female,70.0,25.0,60.0,2.0,Low,78.0,2.439415204678362,85.0,False
410,Unknown,Female,91.0,17.52289156626506,60.0,0.0,Low,87.0,3.7,78.0,True
411,Patrick Gonzalez MD,Male,82.0,8.0,88.0,2.0,Low,80.0,0.8,90.0,True
412,Cole Gomez,Male,85.0,22.0,60.0,2.0,High,85.0,1.1,55.0,True
413,Alejandro Gutierrez,Female,91.0,12.0,82.0,3.0,High,68.0,3.2,78.0,True
414,Natalie Long,Female,92.0,15.0,86.0,2.0,Low,92.0,3.1,93.0,True
415,Abigail Ingram,Male,85.0,10.0,85.0,2.0,Medium,90.0,3.3,75.0,True
416,Eileen Lee,Male,90.0,20.0,70.0,2.0,Low,72.0,4.6,72.0,False
417,Melanie Wilson,Female,95.0,20.0,70.0,2.0,Low,88.0,1.3,78.0,False
418,Gloria Henderson,Male,95.0,17.0,77.0,3.0,High,78.0,0.6,76.40572792362768,False
419,Christopher Payne,Male,95.0,8.0,88.0,2.0,Low,80.0,3.5,66.0,True
420,John Franklin,Male,70.0,30.0,85.0,2.0,High,78.0,1.6,63.0,False
421,Angel Stout,Male,85.0,25.0,90.0,3.0,Medium,92.0,1.1,65.0,False
422,Candace Kelly,Female,91.0,18.0,77.0,0.0,High,85.0,2.0,98.0,True
423,Zachary Daniel,Female,85.0,12.0,78.0,2.0,Medium,62.0,4.3,99.0,True
424,Angel Howard,Male,82.0,17.0,88.0,1.0,High,92.0,1.9,56.0,False
425,Heather Hill,Female,78.0,12.0,77.85527876631079,3.0,Medium,78.0,4.8,71.0,False
426,Sean Levine,Male,88.0,25.0,70.0,0.0,Medium,92.0,0.7,97.0,True
427,Brian Diaz,Male,78.0,8.0,77.0,0.0,Low,72.0,2.7,70.0,False
428,Catherine Koch,Female,82.0,22.0,78.0,0.0,High,68.0,0.3,66.0,False
429,Unknown,Female,95.0,18.0,88.0,1.0,Low,72.0,4.7,66.0,False
430,Anne Martin,Female,90.0,30.0,86.0,1.0,Low,88.0,3.2,84.0,True
431,Mary Warren,Female,95.0,12.0,77.0,1.0,High,62.0,3.1,79.0,True
432,Amanda Bryant,Female,70.0,22.0,86.0,0.0,High,87.0,0.8,64.0,False
433,Joel Ford,Female,88.0,22.0,60.0,2.0,Medium,90.0,3.7,83.0,False
434,Mark Miller,Male,78.0,15.0,65.0,3.0,Low,85.0,4.7,94.0,True
435,Lisa Mitchell,Male,90.0,18.0,86.0,0.0,High,62.0,1.5,65.0,False
436,William White,Male,78.0,12.0,65.0,1.0,High,90.0,4.3,70.0,False
437,Jacqueline Garcia,Female,82.0,17.0,65.0,2.0,High,88.0,2.439415204678362,90.0,False
438,Sydney Patterson,Female,85.0,8.0,82.0,3.0,High,80.0,2.7,62.0,False
439,Lisa Johnson,Female,92.0,10.0,60.0,0.0,High,85.0,0.4,90.0,True
440,Todd Jackson,Female,88.0,12.0,82.0,0.0,High,87.0,0.9,68.0,True
441,Shelby Richards,Female,88.0,22.0,77.0,3.0,Medium,80.0,0.8,84.0,True
442,Joseph Roberts,Male,88.0,18.0,65.0,1.0,Low,80.0,1.2,59.0,True
443,Samantha Burton,Male,95.0,8.0,82.0,1.0,Medium,78.0,3.5,52.0,False
444,Cynthia Mcdonald,Male,85.0,18.0,60.0,2.0,Low,78.0,0.9,66.0,False
445,Kimberly Petty,Male,92.0,8.0,77.0,3.0,Low,80.0,1.0,97.0,True
446,Joshua Carpenter,Male,85.0,8.0,82.0,1.0,High,80.0,3.7,85.0,True
447,Jessica Fuller,Female,88.0,25.0,88.0,1.0,Low,92.0,4.9,65.0,False
448,Andrea Barber,Male,78.0,18.0,86.0,2.0,Medium,92.0,0.0,52.0,False
449,Brian Lyons,Female,90.0,25.0,65.0,1.0,High,88.0,1.7,98.0,True
450,Tammy Fuentes,Female,78.0,12.0,85.0,0.0,Medium,92.0,2.439415204678362,85.0,False
451,Robert Taylor,Male,85.0,8.0,88.0,0.0,Medium,80.0,2.4,78.0,False
452,David Gonzalez,Female,92.0,22.0,65.0,2.0,Medium,80.44100119189511,3.7,67.0,True
453,Steven Myers,Male,85.0,18.0,82.0,2.0,Medium,78.0,0.0,90.0,False
454,Cassandra Perez,Male,91.0,30.0,86.0,3.0,Medium,87.0,3.3,84.0,False
455,Jacqueline Eaton,Female,82.0,10.0,86.0,2.0,High,62.0,3.2,57.0,True
456,Carrie Mccoy,Male,85.0,10.0,65.0,1.0,High,87.0,2.4,76.40572792362768,True
457,Amy Fisher,Female,82.0,22.0,86.0,2.0,High,90.0,1.1,95.0,True
458,Stephanie Reid,Male,85.0,20.0,77.0,1.0,Medium,72.0,3.7,76.0,False
459,Reginald Hoover,Female,82.0,15.0,85.0,1.0,High,92.0,4.8,56.0,True
460,Christina Russo,Female,92.0,25.0,70.0,3.0,Low,68.0,2.8,85.0,False
461,Raymond Howell,Female,85.0,8.0,85.0,0.0,High,72.0,2.0,71.0,True
462,Charles Aguilar,Male,70.0,12.0,82.0,1.0,Medium,78.0,4.8,50.0,True
463,Caitlyn Green,Male,82.0,10.0,82.0,1.0,Medium,92.0,2.439415204678362,70.0,True
464,Melissa Lucas,Female,88.0,20.0,86.0,0.0,Low,92.0,3.7,96.0,False
465,Heidi Leonard,Male,85.0,22.0,85.0,3.0,Low,85.0,0.2,86.0,False
466,Richard Swanson,Male,88.0,12.0,78.0,1.0,Low,88.0,0.7,82.0,True
467,Lauren Simpson,Male,70.0,17.0,86.0,3.0,Low,87.0,1.1,68.0,False
468,Joyce Bishop,Male,92.0,17.52289156626506,82.0,0.0,Medium,88.0,0.4,92.0,False
469,Peggy Hill,Male,85.0,15.0,90.0,3.0,Low,90.0,0.8,96.0,True
470,Derrick Love,Male,85.45303210463733,22.0,65.0,2.0,High,90.0,3.5,57.0,False
471,Laura Stevens,Female,85.0,30.0,90.0,2.0,High,92.0,2.7,98.0,False
472,Terri Potter,Female,91.0,10.0,78.0,0.0,Low,72.0,0.2,60.0,True
473,Veronica Saunders,Male,91.0,18.0,78.0,1.0,Low,80.0,0.3,92.0,False
474,Emily Townsend,Male,85.0,18.0,60.0,3.0,Medium,72.0,4.9,56.0,True
475,James Long,Male,78.0,25.0,70.0,1.0,Low,80.44100119189511,2.439415204678362,83.0,False
476,Jennifer Dickson,Female,70.0,10.0,78.0,1.0,Low,90.0,1.8,69.0,True
477,Alexa West,Female,85.0,18.0,60.0,1.0,Low,85.0,1.1,71.0,False
478,Phillip Donovan,Male,70.0,12.0,86.0,3.0,Medium,92.0,2.9,77.0,False
479,Monique King,Female,82.0,10.0,90.0,0.0,Low,72.0,3.4,62.0,True
480,Karl Murray,Male,70.0,17.52289156626506,86.0,0.0,Medium,87.0,2.8,96.0,True
481,Julia Brooks,Female,78.0,15.0,88.0,0.0,Medium,80.44100119189511,2.2,90.0,False
482,Lauren Montgomery,Male,85.45303210463733,10.0,65.0,1.0,Low,88.0,1.3,86.0,True
483,Kristin Macias,Female,85.0,17.0,65.0,0.0,High,92.0,0.2,98.0,True
484,Samuel Smith,Female,92.0,25.0,90.0,2.0,High,80.44100119189511,4.3,81.0,False
485,Unknown,Male,70.0,8.0,78.0,3.0,Low,62.0,3.6,75.0,True
486,Bradley Stevens,Male,85.0,17.0,78.0,3.0,Low,72.0,2.0,97.0,True
487,Morgan Hampton,Male,92.0,18.0,77.0,0.0,Medium,85.0,2.3,77.0,False
488,Samantha Novak,Female,95.0,17.0,78.0,0.0,Medium,88.0,4.5,62.0,False
489,Audrey Robinson,Female,95.0,10.0,85.0,2.0,High,78.0,3.2,55.0,False
490,Lindsey Kerr,Male,70.0,12.0,60.0,1.0,High,90.0,2.8,92.0,True
491,Cynthia Nguyen,Male,78.0,15.0,60.0,2.0,Medium,78.0,1.4,61.0,True
492,Ryan Hood,Male,85.0,22.0,82.0,1.0,Medium,78.0,4.3,84.0,True
493,Matthew Stevenson,Male,92.0,22.0,77.0,1.0,Medium,78.0,0.4,88.0,True
494,Rhonda White,Female,91.0,12.0,90.0,1.0,High,68.0,0.3,72.0,True
495,Larry Ramsey,Male,91.0,22.0,82.0,1.0,High,80.0,0.5,61.0,True
496,Kimberly Anderson,Male,85.0,22.0,88.0,1.0,High,85.0,1.6,74.0,True
497,Brian Miles,Male,88.0,17.0,77.85527876631079,2.0,Low,80.44100119189511,1.6,76.0,True
498,Kelly Baker,Male,90.0,22.0,70.0,2.0,Medium,88.0,4.7,95.0,False
499,Wendy Miller,Female,88.0,12.0,86.0,3.0,Medium,68.0,3.1,81.0,False
500,Michael Webster,Male,91.0,25.0,82.0,3.0,High,87.0,0.1,90.0,True
501,Michelle Ryan,Female,70.0,15.0,88.0,1.0,Low,92.0,0.1,62.0,False
502,Justin Jennings,Male,88.0,18.0,70.0,2.0,Medium,80.0,0.6,71.0,False
503,Norma Ward,Male,78.0,25.0,88.0,1.0,Low,78.0,4.6,52.0,True
504,Unknown,Male,85.0,12.0,88.0,1.0,Medium,80.0,4.2,69.0,False
505,Vincent Johnson,Male,92.0,22.0,77.85527876631079,1.0,High,68.0,1.4,51.0,False
506,Amy Evans,Male,88.0,8.0,85.0,1.0,High,90.0,2.3,69.0,True
507,Stephen Ramirez,Male,92.0,30.0,77.0,2.0,Medium,90.0,0.7,56.0,True
508,Nicholas Baxter,Male,85.0,8.0,70.0,2.0,High,85.0,4.7,93.0,True
509,Raymond Smith,Female,85.0,20.0,70.0,2.0,High,88.0,3.8,90.0,True
510,Roy Johnson,Male,92.0,18.0,82.0,2.0,Medium,78.0,3.4,67.0,True
511,Justin Johnson,Male,88.0,22.0,90.0,0.0,High,85.0,3.1,71.0,False
512,Unknown,Male,85.0,17.52289156626506,78.0,2.0,Medium,80.0,0.4,75.0,True
513,Kaylee Benjamin,Female,88.0,30.0,90.0,2.0,High,78.0,2.8,55.0,False
514,Charles Murphy,Female,88.0,17.0,77.0,3.0,High,68.0,4.3,89.0,False
515,Grant Henderson,Female,78.0,17.52289156626506,88.0,1.0,Medium,80.0,0.3,57.0,False
516,Michael Woods,Female,78.0,18.0,88.0,3.0,Low,68.0,2.5,75.0,True
517,Susan Benson,Female,90.0,30.0,90.0,3.0,Medium,62.0,2.8,71.0,True
518,Timothy Armstrong,Male,91.0,17.0,85.0,3.0,Low,78.0,1.6,56.0,False
519,Cindy Harvey,Female,70.0,20.0,86.0,2.0,Low,88.0,3.9,74.0,False
520,Caitlin Carter,Male,90.0,25.0,65.0,3.0,Low,80.0,3.8,92.0,True
521,Ricky Johnson,Female,70.0,22.0,86.0,1.0,High,92.0,3.4,70.0,False
522,Bryan Hoover,Female,95.0,20.0,86.0,1.0,Low,72.0,2.0,58.0,False
523,Elijah Wagner,Female,82.0,15.0,78.0,2.0,Medium,87.0,4.3,51.0,True
524,Felicia Davis,Female,95.0,8.0,60.0,0.0,Medium,72.0,1.1,61.0,False
525,Jonathan Hess,Male,82.0,8.0,88.0,0.0,High,85.0,5.0,76.40572792362768,True
526,Michael Yoder,Male,90.0,15.0,65.0,1.0,Low,62.0,4.9,58.0,True
527,Joanna Martinez,Female,92.0,10.0,60.0,3.0,High,88.0,2.5,96.0,True
528,Penny Hopkins,Female,70.0,12.0,86.0,1.0,High,80.0,2.8,95.0,False
529,Justin Foster,Female,90.0,17.52289156626506,77.85527876631079,2.0,Medium,72.0,0.4,89.0,True
530,Jennifer Morgan,Female,90.0,12.0,86.0,2.0,Low,80.0,4.5,84.0,True
531,Dalton Chen,Female,82.0,17.0,86.0,1.0,Medium,90.0,4.8,68.0,False
532,Mrs. Amy Carney MD,Male,91.0,18.0,86.0,2.0,High,78.0,2.9,86.0,True
533,Melissa Wang,Male,88.0,17.0,85.0,0.0,Low,87.0,4.3,67.0,False
534,Cameron Bender,Female,78.0,17.52289156626506,90.0,1.0,High,72.0,4.3,71.0,True
535,Daniel Solomon,Male,88.0,20.0,78.0,1.0,Medium,62.0,2.4,80.0,True
536,Deanna Jones,Female,85.0,18.0,65.0,2.0,Medium,80.0,1.4,78.0,False
537,Peter Figueroa,Female,85.0,25.0,86.0,3.0,Low,90.0,3.4,61.0,False
538,Jacob Thompson,Male,85.0,20.0,78.0,0.0,High,72.0,0.5,76.40572792362768,False
539,Jonathon Woodward,Female,88.0,25.0,78.0,1.0,Low,87.0,0.3,88.0,True
540,Brian Hayes,Male,90.0,22.0,65.0,0.0,Low,88.0,4.0,61.0,True
541,Lisa Carroll,Female,88.0,17.0,85.0,1.0,Medium,62.0,3.5,92.0,True
542,Terri Hayden,Female,90.0,17.0,90.0,3.0,Medium,68.0,3.2,56.0,True
543,Taylor Burns,Female,92.0,22.0,85.0,1.0,Low,85.0,0.5,54.0,True
544,Andrew Jimenez,Female,85.0,17.0,65.0,1.0,High,62.0,1.3,94.0,False
545,Wendy King,Male,82.0,17.0,77.0,0.0,Medium,87.0,2.7,50.0,False
546,Luis Carter,Male,91.0,12.0,88.0,1.0,Low,85.0,2.0,90.0,True
547,Nicholas Jones,Female,90.0,17.0,77.85527876631079,3.0,High,72.0,0.2,74.0,True
548,Unknown,Male,91.0,25.0,77.0,0.0,High,72.0,3.2,81.0,False
549,Tina Knight,Male,95.0,15.0,88.0,1.0,Medium,87.0,1.1,76.40572792362768,False
550,Brittany Andrews,Male,91.0,25.0,85.0,1.0,Low,68.0,2.4,51.0,False
551,William Weber,Male,78.0,15.0,65.0,1.0,Medium,87.0,2.3,60.0,True
552,Angela Ortiz,Male,85.0,22.0,86.0,3.0,High,92.0,2.1,97.0,False
553,David Meyer,Male,85.45303210463733,12.0,65.0,1.0,High,80.44100119189511,3.0,71.0,True
554,Travis Harrell,Male,91.0,8.0,65.0,1.0,Medium,87.0,0.0,61.0,True
555,Craig Mccann,Female,85.0,10.0,90.0,0.0,Low,85.0,2.6,76.0,True
556,Scott Edwards,Male,91.0,10.0,77.0,3.0,High,85.0,1.7,50.0,True
557,Kelly Cohen,Male,82.0,20.0,86.0,1.0,Low,72.0,1.1,99.0,True
558,David Diaz,Male,92.0,20.0,65.0,1.0,Medium,80.44100119189511,0.8,52.0,True
559,Joseph Green,Female,92.0,8.0,82.0,1.0,Low,80.44100119189511,0.2,76.40572792362768,True
560,Henry Johnson,Male,78.0,15.0,77.0,2.0,High,87.0,4.5,96.0,False
561,Keith Wilson,Female,92.0,30.0,90.0,2.0,Medium,92.0,0.5,97.0,False
562,Jordan Chase,Female,92.0,20.0,77.0,3.0,Medium,80.0,4.5,59.0,True
563,Kayla Solomon,Male,70.0,30.0,65.0,1.0,Low,92.0,3.2,67.0,True
564,Hayley Johnson,Male,85.0,22.0,78.0,2.0,High,87.0,4.3,79.0,False
565,John Bender,Female,92.0,18.0,86.0,0.0,Low,88.0,4.5,86.0,True
566,William Christian,Female,82.0,17.0,90.0,3.0,Medium,80.44100119189511,1.4,96.0,False
567,Michael Willis,Male,95.0,8.0,86.0,3.0,Low,68.0,4.6,50.0,False
568,James Simmons,Male,85.0,12.0,78.0,0.0,Low,62.0,2.4,94.0,True
569,Michelle Santos,Male,90.0,15.0,77.85527876631079,2.0,High,78.0,4.3,97.0,True
570,Michael Walters,Female,78.0,8.0,65.0,1.0,Low,78.0,3.5,50.0,True
571,Jason Anderson,Female,82.0,15.0,82.0,0.0,Medium,88.0,2.7,100.0,True
572,Unknown,Female,85.0,12.0,88.0,1.0,High,62.0,1.8,89.0,True
573,James Hoover,Female,78.0,12.0,85.0,2.0,Low,92.0,0.7,71.0,True
574,Julie Garza,Male,85.0,22.0,90.0,3.0,Medium,90.0,4.5,76.40572792362768,False
575,Erica Thomas,Female,85.0,22.0,88.0,2.0,High,78.0,0.4,75.0,True
576,Calvin Vargas,Male,90.0,10.0,82.0,2.0,High,68.0,2.5,63.0,True
577,Molly Jones,Female,82.0,10.0,77.0,1.0,Medium,78.0,3.7,51.0,False
578,Shannon Hogan,Male,85.0,17.52289156626506,70.0,1.0,Medium,88.0,1.7,91.0,False
579,James Fields,Female,85.0,18.0,77.85527876631079,0.0,Medium,68.0,3.9,64.0,False
580,Arthur Johnson,Female,85.0,10.0,88.0,2.0,Medium,68.0,3.1,60.0,False
581,Collin Edwards,Male,78.0,10.0,90.0,2.0,High,90.0,2.9,78.0,False
582,Kimberly Smith,Male,92.0,17.52289156626506,77.85527876631079,1.0,Medium,68.0,1.9,84.0,True
583,Unknown,Male,85.0,15.0,77.85527876631079,2.0,High,85.0,0.1,89.0,True
584,David Jimenez,Female,90.0,30.0,78.0,3.0,Low,92.0,2.9,64.0,False
585,Kyle Coleman,Male,90.0,17.52289156626506,77.0,2.0,Low,62.0,1.0,70.0,True
586,Marvin Cardenas,Female,78.0,8.0,88.0,0.0,Medium,80.0,1.4,72.0,False
587,Eddie Robertson,Male,92.0,17.0,60.0,1.0,Medium,68.0,4.0,77.0,False
588,Christopher Taylor,Male,70.0,18.0,60.0,0.0,Low,78.0,3.6,98.0,True
589,Brenda Bell,Male,70.0,18.0,70.0,1.0,High,85.0,4.2,69.0,False
590,Ashley Nguyen,Male,85.0,15.0,65.0,2.0,Medium,78.0,0.6,92.0,False
591,Michael Bailey,Male,85.0,25.0,78.0,2.0,Medium,78.0,5.0,54.0,False
592,Maria Scott,Female,88.0,17.52289156626506,85.0,1.0,Low,88.0,0.1,66.0,True
593,Katherine Mclaughlin,Male,95.0,17.0,65.0,1.0,High,80.0,1.4,76.0,True
594,Karen Cruz,Female,88.0,12.0,85.0,2.0,High,68.0,3.8,88.0,True
595,Jodi Taylor,Female,95.0,18.0,82.0,1.0,High,72.0,2.9,59.0,True
596,Thomas Mcgrath,Female,95.0,17.0,60.0,1.0,High,87.0,1.1,82.0,True
597,Karen Wolf,Male,92.0,18.0,65.0,3.0,High,87.0,2.1,98.0,True
598,Mary Jones,Male,85.0,8.0,78.0,3.0,High,80.0,2.439415204678362,82.0,True
599,Ashley Jordan,Male,78.0,30.0,78.0,2.0,High,85.0,4.7,72.0,False
600,Lonnie Williams,Male,82.0,22.0,85.0,2.0,Low,80.0,2.6,95.0,True
601,Michael Poole,Male,82.0,15.0,85.0,3.0,Low,78.0,1.8,87.0,True
602,David Martinez,Male,78.0,30.0,60.0,0.0,High,72.0,0.0,100.0,False
603,Eduardo Miller,Female,90.0,12.0,65.0,1.0,Medium,85.0,2.8,52.0,True
604,Kristine Williams,Female,85.45303210463733,8.0,82.0,1.0,Low,85.0,3.4,78.0,True
605,Unknown,Female,70.0,25.0,85.0,1.0,High,90.0,0.9,93.0,False
606,Audrey Woods,Female,85.0,12.0,85.0,2.0,High,62.0,2.0,87.0,True
607,Lauren Brown,Male,95.0,25.0,88.0,3.0,Low,62.0,0.6,77.0,False
608,Stephanie Merritt,Female,70.0,30.0,77.0,3.0,Medium,78.0,2.6,59.0,False
609,Rebecca Jones,Male,88.0,17.0,77.0,3.0,Low,68.0,0.1,97.0,True
610,Isaiah Arnold,Female,85.0,10.0,60.0,3.0,Low,90.0,0.8,89.0,True
611,Andrea Frey,Female,85.0,25.0,82.0,1.0,Medium,72.0,1.3,71.0,True
612,Andrew Dudley,Female,90.0,8.0,77.0,1.0,Medium,78.0,2.3,52.0,True
613,Jeff Phillips,Female,95.0,15.0,78.0,3.0,High,68.0,4.2,72.0,True
614,Dawn Edwards,Female,90.0,8.0,88.0,1.0,Medium,90.0,0.3,65.0,True
615,Paige Campbell,Female,91.0,20.0,85.0,2.0,High,90.0,0.8,84.0,False
616,Belinda Kim,Female,70.0,22.0,70.0,0.0,Medium,80.0,3.5,87.0,True
617,Ruben Steele,Female,82.0,30.0,65.0,3.0,Medium,90.0,4.8,62.0,False
618,Bradley Martinez,Male,88.0,18.0,78.0,2.0,Low,62.0,4.0,89.0,True
619,Alison Williams,Female,88.0,20.0,86.0,2.0,Medium,62.0,1.0,100.0,True
620,Scott Ferguson,Female,70.0,12.0,88.0,3.0,Medium,62.0,1.3,82.0,False
621,David Brown,Male,85.0,12.0,65.0,3.0,Medium,92.0,3.3,97.0,False
622,Unknown,Female,95.0,20.0,90.0,0.0,Medium,85.0,3.2,66.0,True
623,Renee Scott,Male,90.0,10.0,90.0,1.0,High,85.0,2.3,85.0,False
624,Aimee Green,Male,92.0,10.0,82.0,0.0,High,85.0,3.9,67.0,True
625,Ricky Jenkins,Female,85.0,15.0,85.0,1.0,Low,85.0,4.3,76.0,False
626,Kelly Allen MD,Female,78.0,25.0,85.0,3.0,Low,72.0,4.7,83.0,False
627,Sean Smith,Male,92.0,22.0,85.0,1.0,Medium,88.0,3.7,97.0,True
628,Robert Johnson,Male,78.0,20.0,65.0,3.0,Medium,78.0,2.0,87.0,True
629,Susan Russell,Female,90.0,30.0,70.0,0.0,High,92.0,4.8,100.0,True
630,Ryan West,Female,95.0,18.0,78.0,3.0,High,80.0,3.5,100.0,True
631,Unknown,Female,88.0,30.0,85.0,2.0,High,78.0,1.9,75.0,False
632,Christina Fitzgerald,Male,92.0,18.0,90.0,0.0,Medium,90.0,4.4,99.0,False
633,Susan Roberson,Female,90.0,17.0,77.0,0.0,Medium,62.0,4.4,56.0,True
634,Jessica Banks,Male,95.0,8.0,86.0,2.0,Low,80.44100119189511,2.3,51.0,True
635,Jodi Rogers,Female,78.0,15.0,60.0,3.0,Low,85.0,1.6,55.0,True
636,Michelle Clay,Male,82.0,10.0,86.0,0.0,Medium,78.0,2.4,97.0,True
637,Jacob Bean,Male,91.0,30.0,82.0,3.0,High,62.0,1.8,75.0,False
638,Robert Harper,Male,85.0,12.0,86.0,3.0,High,78.0,1.0,94.0,True
639,Michelle Graham,Female,85.0,17.0,85.0,3.0,Low,92.0,1.0,100.0,False
640,Seth Johnson,Female,70.0,10.0,60.0,3.0,Low,92.0,5.0,68.0,True
641,Julia Sanchez,Male,85.0,17.0,65.0,1.0,Low,62.0,3.4,95.0,False
642,Unknown,Female,90.0,20.0,70.0,1.0,High,90.0,4.7,80.0,False
643,Thomas Yoder,Female,85.45303210463733,12.0,77.0,1.0,Medium,68.0,0.4,95.0,False
644,Christine Mullins,Female,90.0,30.0,78.0,0.0,Medium,85.0,3.7,77.0,False
645,Timothy Mcbride,Female,82.0,30.0,60.0,0.0,Medium,78.0,3.8,59.0,False
646,Deborah Reyes,Male,78.0,15.0,90.0,0.0,High,78.0,1.3,95.0,False
647,Chad Downs,Male,85.0,15.0,77.85527876631079,1.0,Low,72.0,2.4,81.0,True
648,William Hill,Male,95.0,20.0,90.0,2.0,High,68.0,2.439415204678362,67.0,True
649,Makayla Rhodes,Male,70.0,20.0,90.0,1.0,Low,87.0,4.4,51.0,False
650,Clayton Jones,Female,95.0,17.52289156626506,85.0,1.0,High,80.0,0.4,95.0,False
651,Sean Hernandez,Female,91.0,15.0,88.0,1.0,Low,88.0,4.8,70.0,True
652,Christine Young,Male,88.0,30.0,78.0,2.0,Low,88.0,1.9,75.0,False
653,Brian Hale,Male,70.0,20.0,78.0,3.0,High,62.0,3.9,68.0,True
654,Sandra Hart,Female,85.0,8.0,82.0,3.0,High,90.0,3.3,73.0,True
655,Christine Curtis,Female,70.0,17.0,82.0,3.0,Low,62.0,0.5,77.0,False
656,Tara Johnson,Female,70.0,20.0,78.0,2.0,Medium,78.0,3.4,91.0,True
657,Stephanie Snyder,Male,88.0,17.0,60.0,2.0,Medium,85.0,0.7,76.40572792362768,False
658,Miguel Leblanc,Female,88.0,22.0,78.0,2.0,High,80.0,2.6,82.0,False
659,Christina Mcintyre,Male,85.0,22.0,82.0,1.0,Medium,88.0,0.4,82.0,True
660,John Weber,Female,78.0,10.0,60.0,1.0,High,62.0,4.4,69.0,False
661,Christine Shah,Male,92.0,20.0,78.0,3.0,High,92.0,2.4,59.0,True
662,Lisa Maynard,Male,90.0,18.0,77.0,0.0,Medium,62.0,0.1,60.0,True
663,Lisa Lynch,Female,85.0,15.0,77.0,3.0,High,92.0,1.5,75.0,True
664,Angela Warren,Male,90.0,8.0,60.0,1.0,Low,88.0,3.0,85.0,False
665,Mary Benson,Female,70.0,17.52289156626506,70.0,3.0,Low,80.44100119189511,4.7,81.0,True
666,Yvonne Krueger,Male,70.0,22.0,88.0,2.0,High,85.0,4.5,76.0,False
667,Keith Bailey,Female,91.0,30.0,77.0,0.0,High,68.0,1.4,62.0,False
668,Barbara Case,Female,92.0,12.0,90.0,3.0,Low,90.0,4.6,95.0,False
669,Jamie Torres,Female,70.0,8.0,88.0,1.0,High,88.0,1.0,94.0,True
670,Justin Jacobs,Male,78.0,25.0,65.0,3.0,Medium,87.0,4.0,81.0,False
671,Kevin Reynolds,Male,82.0,15.0,77.85527876631079,1.0,Medium,90.0,3.4,61.0,True
672,Michelle Kelly,Female,70.0,20.0,86.0,3.0,High,72.0,1.1,66.0,False
673,Terry Hernandez,Male,82.0,18.0,65.0,2.0,Low,87.0,3.5,78.0,False
674,Aaron Duarte,Male,91.0,22.0,85.0,2.0,High,72.0,0.5,90.0,True
675,Troy Bradford,Male,92.0,17.0,60.0,1.0,High,78.0,1.7,82.0,True
676,Bobby Wilkinson,Female,95.0,8.0,88.0,3.0,High,72.0,2.1,64.0,True
677,Juan Lopez,Female,85.45303210463733,17.0,70.0,1.0,High,78.0,0.7,50.0,True
678,Virginia Medina,Female,85.45303210463733,8.0,65.0,0.0,High,80.44100119189511,3.8,92.0,True
679,Leah Holmes,Female,70.0,8.0,77.85527876631079,2.0,Low,90.0,4.5,50.0,False
680,Todd Brooks,Male,70.0,17.0,90.0,2.0,Low,88.0,3.3,94.0,False
681,Madeline Rush,Male,88.0,20.0,78.0,2.0,Medium,62.0,3.6,97.0,True
682,Nicole Frederick,Male,82.0,22.0,82.0,3.0,Medium,62.0,4.9,57.0,True
683,Jason Adams,Female,82.0,30.0,85.0,1.0,Low,87.0,2.2,76.40572792362768,True
684,Mallory Fletcher,Female,92.0,22.0,86.0,2.0,Low,92.0,1.8,68.0,True
685,Kelly Suarez,Male,90.0,15.0,60.0,0.0,Medium,92.0,2.2,73.0,False
686,Lauren Stephens,Male,85.0,17.0,65.0,2.0,Low,87.0,3.5,79.0,False
687,Penny Miller,Male,82.0,30.0,85.0,3.0,Medium,87.0,0.6,86.0,False
688,Paula Stewart,Male,90.0,30.0,82.0,1.0,Medium,85.0,2.4,100.0,True
689,Jonathan Johnson,Female,85.0,18.0,82.0,3.0,High,78.0,0.0,85.0,False
690,Laura Ross,Male,70.0,17.0,86.0,2.0,Low,78.0,4.5,100.0,False
691,Brandy Wilson,Male,78.0,12.0,77.0,1.0,Low,78.0,0.7,96.0,False
692,Brittany Briggs,Female,70.0,25.0,60.0,1.0,Low,80.0,4.8,78.0,False
693,Carl Coleman,Male,85.0,22.0,82.0,2.0,Low,87.0,3.2,55.0,True
694,Crystal Chandler,Male,91.0,12.0,90.0,1.0,Low,80.0,0.6,84.0,True
695,Elizabeth Nichols,Female,92.0,25.0,86.0,1.0,High,80.44100119189511,3.0,75.0,True
696,Jesse Barber,Male,95.0,17.52289156626506,65.0,0.0,High,72.0,1.6,66.0,True
697,Julie Jackson,Male,82.0,10.0,82.0,0.0,High,85.0,3.8,59.0,False
698,Unknown,Female,95.0,18.0,60.0,2.0,High,92.0,1.2,88.0,True
699,Ashley Franco,Female,90.0,18.0,78.0,1.0,Medium,72.0,2.0,76.40572792362768,True
700,Kimberly Calderon,Male,85.0,18.0,70.0,3.0,Low,87.0,1.2,85.0,True
701,Lisa Brooks,Female,85.0,20.0,70.0,3.0,High,90.0,2.7,60.0,True
702,Destiny Todd,Female,82.0,17.0,78.0,1.0,Medium,88.0,1.4,60.0,True
703,Dawn Luna,Female,88.0,22.0,77.85527876631079,1.0,Medium,92.0,2.9,82.0,False
704,Martha Moody,Male,91.0,12.0,88.0,1.0,Low,85.0,4.9,95.0,False
705,James Torres,Male,95.0,30.0,90.0,1.0,Low,90.0,0.1,94.0,True
706,Shelly Stuart,Male,85.0,20.0,88.0,0.0,Low,90.0,1.9,99.0,True
707,Julie Williams,Female,95.0,25.0,77.0,1.0,High,80.0,3.8,93.0,False
708,Todd Orozco,Male,70.0,20.0,77.85527876631079,3.0,Low,78.0,0.9,62.0,True
709,Jeffrey Torres,Male,90.0,10.0,82.0,3.0,High,72.0,3.6,67.0,True
710,Chad Colon,Female,82.0,17.0,78.0,1.0,Low,80.0,0.0,100.0,False
711,Alan Williams,Female,90.0,12.0,77.0,1.0,Medium,72.0,3.8,96.0,True
712,Dawn Nguyen,Female,90.0,25.0,90.0,0.0,Medium,85.0,0.3,90.0,True
713,Andrea Phillips,Female,70.0,15.0,86.0,1.0,Medium,92.0,0.5,65.0,False
714,Robert Bishop,Female,85.45303210463733,17.52289156626506,85.0,3.0,Low,78.0,3.8,90.0,False
715,Melanie Mckinney,Male,85.0,15.0,60.0,1.0,Low,87.0,3.9,53.0,False
716,Joseph Ellis,Female,91.0,8.0,85.0,2.0,Low,80.0,2.8,68.0,False
717,Jennifer Smith,Male,91.0,8.0,90.0,3.0,Low,88.0,0.1,74.0,False
718,Vickie Holloway,Male,95.0,15.0,77.0,2.0,Medium,88.0,1.0,56.0,True
719,Amber Gray,Male,78.0,17.0,82.0,3.0,Medium,85.0,1.8,50.0,True
720,Christian Barr,Male,82.0,12.0,78.0,0.0,Medium,92.0,4.9,90.0,True
721,Mark Fleming,Female,95.0,10.0,85.0,1.0,High,78.0,1.1,76.40572792362768,True
722,Felicia Carpenter,Female,85.45303210463733,25.0,90.0,1.0,Low,90.0,4.0,74.0,True
723,Rebecca Kelly,Male,85.0,30.0,78.0,2.0,Medium,80.0,2.8,59.0,False
724,Aaron Walls,Male,91.0,30.0,78.0,1.0,High,92.0,1.4,64.0,False
725,Mark King,Female,82.0,25.0,65.0,3.0,High,68.0,4.2,56.0,True
726,Kaitlin Walton,Female,92.0,17.52289156626506,86.0,3.0,High,72.0,1.5,59.0,False
727,Ashley Kaufman,Male,88.0,10.0,70.0,3.0,Medium,92.0,3.6,100.0,False
728,Megan Bernard,Male,82.0,8.0,70.0,1.0,Medium,72.0,2.3,70.0,False
729,Kelly Harper,Female,85.0,17.0,82.0,3.0,Medium,88.0,3.2,63.0,True
730,Daniel White,Female,92.0,8.0,90.0,2.0,Medium,62.0,2.9,73.0,False
731,John Odonnell,Female,85.0,8.0,60.0,1.0,Medium,90.0,1.4,51.0,True
732,Whitney Tapia,Male,88.0,20.0,88.0,2.0,High,72.0,2.6,91.0,True
733,Jeremy Shields,Female,88.0,25.0,86.0,0.0,Low,72.0,4.6,50.0,False
734,Christine Hamilton,Male,92.0,17.0,90.0,2.0,Low,72.0,3.8,96.0,False
735,Crystal Proctor,Male,95.0,25.0,60.0,0.0,High,78.0,2.2,85.0,True
736,Victoria Mcbride,Female,95.0,22.0,78.0,3.0,High,68.0,0.8,71.0,False
737,Ellen Cross MD,Male,70.0,20.0,70.0,0.0,High,78.0,0.5,76.40572792362768,False
738,David Stevens,Male,85.45303210463733,20.0,70.0,0.0,High,88.0,2.4,61.0,True
739,Frank Brown DDS,Female,88.0,25.0,90.0,2.0,Low,72.0,0.3,53.0,False
740,Deborah Barajas,Female,85.45303210463733,10.0,90.0,2.0,Medium,78.0,0.8,76.40572792362768,False
741,Anita Dougherty,Female,91.0,17.0,77.0,1.0,Low,80.0,3.7,68.0,False
742,Alicia Watson,Female,70.0,22.0,65.0,0.0,High,68.0,4.5,96.0,False
743,Deborah Hunter,Female,78.0,22.0,85.0,0.0,Low,80.0,1.2,60.0,False
744,Morgan Gilbert,Female,90.0,25.0,77.0,0.0,Low,87.0,5.0,54.0,True
745,Taylor Crawford,Female,70.0,17.0,65.0,2.0,High,72.0,0.2,51.0,True
746,Danny Sanchez,Female,95.0,8.0,90.0,0.0,High,80.0,1.3,95.0,True
747,Cory Rosario DDS,Female,85.0,17.0,85.0,2.0,Low,92.0,3.6,78.0,True
748,Unknown,Female,78.0,17.52289156626506,78.0,3.0,High,68.0,1.5,84.0,False
749,Kyle Perez,Male,85.0,18.0,65.0,1.0,Medium,68.0,1.1,52.0,True
750,Kelly Gibson MD,Male,82.0,20.0,60.0,2.0,Medium,80.0,3.0,53.0,False
751,Angela Garcia,Male,95.0,25.0,90.0,2.0,High,62.0,0.1,50.0,False
752,Dylan Vaughan,Male,92.0,20.0,65.0,0.0,High,62.0,2.6,70.0,False
753,Kevin Santiago,Male,82.0,8.0,60.0,2.0,High,92.0,0.5,70.0,True
754,Terry Rodriguez,Female,95.0,15.0,60.0,3.0,Medium,92.0,0.3,67.0,False
755,Chad Mason,Male,92.0,8.0,82.0,3.0,Medium,87.0,3.6,100.0,True
756,Jessica Ferguson,Male,91.0,30.0,60.0,0.0,Medium,68.0,3.2,94.0,False
757,Jeffrey Garcia,Male,85.45303210463733,15.0,86.0,1.0,Medium,92.0,3.7,98.0,True
758,Jason Hood,Male,78.0,30.0,77.0,2.0,High,68.0,1.9,91.0,True
759,Sandra Leon,Female,85.45303210463733,10.0,77.85527876631079,1.0,Low,80.0,2.6,76.0,False
760,Tyler Mccormick,Male,95.0,30.0,90.0,3.0,Low,80.0,4.5,92.0,True
761,Megan Murphy,Female,82.0,30.0,65.0,1.0,Low,80.0,0.3,81.0,True
762,Charles Vincent,Male,78.0,17.52289156626506,65.0,2.0,High,88.0,2.7,100.0,True
763,Mrs. Cindy Sharp DVM,Male,70.0,17.0,82.0,1.0,Low,92.0,1.2,61.0,True
764,Unknown,Female,91.0,17.0,90.0,2.0,Medium,87.0,4.8,73.0,False
765,Sarah Dixon,Male,85.0,17.0,60.0,2.0,Low,62.0,3.8,76.40572792362768,False
766,Shannon Spencer,Female,88.0,17.0,82.0,0.0,Low,88.0,2.4,71.0,True
767,Darlene Tapia,Male,78.0,25.0,78.0,1.0,Low,90.0,2.5,76.0,False
768,Ryan Ball,Female,85.0,18.0,86.0,2.0,Medium,80.0,5.0,57.0,False
769,Anita Berger,Male,70.0,18.0,88.0,2.0,Low,78.0,3.2,73.0,True
770,Melinda Cummings,Female,78.0,18.0,90.0,3.0,Low,68.0,0.1,99.0,True
771,Melissa Donaldson,Female,91.0,20.0,70.0,3.0,Medium,68.0,4.1,66.0,False
772,Charles Pearson,Female,91.0,18.0,60.0,2.0,High,80.44100119189511,3.9,72.0,True
773,Mrs. Melanie Mueller,Male,85.0,22.0,90.0,0.0,High,80.0,3.7,98.0,True
774,Ms. Heather Dean,Female,85.0,22.0,85.0,0.0,High,85.0,0.4,57.0,False
775,David Malone,Female,85.0,22.0,90.0,1.0,Medium,87.0,0.0,67.0,True
776,Melissa Brown,Male,92.0,12.0,78.0,0.0,Low,72.0,4.9,98.0,False
777,Jason Woods,Female,95.0,22.0,60.0,1.0,Medium,90.0,5.0,65.0,False
778,Rachel Diaz,Female,91.0,15.0,88.0,1.0,High,80.0,2.3,94.0,False
779,Michael Jones,Male,91.0,20.0,70.0,2.0,Low,92.0,1.8,89.0,False
780,Taylor Mcgee,Female,92.0,15.0,88.0,1.0,Low,90.0,4.4,97.0,False
781,Christopher Ray,Male,91.0,17.0,60.0,3.0,High,90.0,2.1,80.0,True
782,Dr. James Henry DDS,Male,70.0,15.0,65.0,1.0,Medium,85.0,1.1,66.0,False
783,James Stevens,Male,82.0,17.0,85.0,1.0,High,88.0,3.8,88.0,True
784,Kevin Marquez,Female,70.0,12.0,60.0,3.0,High,85.0,0.6,55.0,True
785,Colleen Porter,Female,91.0,25.0,85.0,3.0,Medium,68.0,4.3,74.0,True
786,Christian Odom,Male,91.0,12.0,90.0,0.0,Medium,90.0,3.9,93.0,True
787,Calvin Macias,Male,90.0,8.0,78.0,2.0,Medium,90.0,0.7,68.0,True
788,Kim Fischer,Female,78.0,22.0,82.0,0.0,Low,80.0,3.0,69.0,True
789,Travis Schultz,Female,92.0,17.0,82.0,0.0,High,90.0,0.8,95.0,True
790,Bonnie Morris,Male,78.0,17.0,60.0,2.0,Low,68.0,5.0,85.0,False
791,Tiffany Morris,Female,85.0,30.0,60.0,0.0,High,72.0,3.6,68.0,True
792,Paul Poole,Female,90.0,10.0,88.0,3.0,High,85.0,2.3,60.0,True
793,Richard Perez,Female,85.45303210463733,10.0,90.0,3.0,Low,92.0,3.7,50.0,False
794,Bernard Whitaker,Male,70.0,8.0,65.0,1.0,High,90.0,4.9,61.0,True
795,Melinda Miller,Female,91.0,8.0,65.0,0.0,High,80.0,0.6,75.0,False
796,Christina Gonzales,Male,70.0,20.0,77.0,0.0,Medium,78.0,1.8,57.0,True
797,Maria Gray,Male,85.0,12.0,90.0,1.0,Low,88.0,4.9,76.40572792362768,False
798,Mary Bennett,Male,70.0,17.0,60.0,2.0,Low,68.0,0.5,54.0,True
799,Dr. Erik Pineda,Male,70.0,12.0,70.0,2.0,Medium,87.0,2.6,87.0,True
800,Sandra Burns,Male,78.0,22.0,65.0,1.0,Low,78.0,4.0,57.0,True
801,Patricia Hunt,Male,78.0,20.0,70.0,2.0,High,87.0,4.9,76.40572792362768,False
802,Erika Kennedy,Male,70.0,15.0,90.0,2.0,High,72.0,4.5,68.0,False
803,Timothy Newman,Female,95.0,12.0,88.0,3.0,Low,72.0,1.0,56.0,True
804,Tanya Bowen,Male,92.0,10.0,82.0,3.0,High,88.0,2.8,87.0,False
805,Rhonda Davenport,Male,91.0,8.0,85.0,2.0,Medium,85.0,1.9,60.0,False
806,Cheryl Brown,Male,88.0,8.0,65.0,2.0,High,87.0,3.1,67.0,True
807,Angela Bridges,Male,70.0,10.0,88.0,0.0,Medium,80.0,4.8,65.0,True
808,Brandon Rasmussen,Male,82.0,20.0,70.0,0.0,High,90.0,3.2,73.0,False
809,Ryan Beltran,Male,92.0,18.0,78.0,1.0,Medium,92.0,1.9,56.0,True
810,Kirsten Davis,Female,85.0,12.0,77.85527876631079,0.0,High,62.0,2.8,76.40572792362768,True
811,Paige Turner,Male,91.0,8.0,77.0,0.0,Medium,80.44100119189511,4.0,82.0,False
812,Aimee Christensen,Female,85.45303210463733,25.0,82.0,2.0,Medium,62.0,3.9,55.0,True
813,Jessica Howard,Male,90.0,10.0,86.0,1.0,High,85.0,2.8,81.0,True
814,Lisa Zhang,Male,85.0,17.0,70.0,2.0,Low,87.0,2.0,89.0,True
815,Jonathan Daniel,Female,85.45303210463733,30.0,90.0,2.0,Low,88.0,0.2,78.0,True
816,Cheyenne Oliver,Male,78.0,17.52289156626506,88.0,0.0,High,90.0,4.8,77.0,False
817,Brianna Henderson,Male,95.0,20.0,88.0,3.0,Low,87.0,1.5,80.0,False
818,Mark Sanchez,Male,85.0,22.0,60.0,3.0,Medium,72.0,4.1,52.0,False
819,Melissa Nguyen,Male,95.0,15.0,86.0,1.0,Medium,85.0,1.8,50.0,False
820,Tammy Tanner,Male,85.45303210463733,15.0,65.0,2.0,High,78.0,2.0,69.0,False
821,Donna Robinson,Male,85.45303210463733,18.0,85.0,1.0,Low,78.0,0.8,72.0,False
822,Eric Wilson,Female,92.0,20.0,90.0,2.0,High,68.0,2.0,97.0,False
823,Russell Jones,Female,82.0,8.0,65.0,1.0,High,80.0,0.6,72.0,True
824,Faith Johnson,Male,91.0,10.0,70.0,0.0,High,85.0,3.8,66.0,True
825,Nathan Miller,Male,85.0,20.0,70.0,3.0,High,92.0,5.0,87.0,True
826,Donna Fowler,Male,78.0,17.52289156626506,78.0,2.0,High,68.0,2.1,89.0,True
827,Whitney Jefferson,Male,70.0,8.0,70.0,2.0,Low,92.0,1.1,77.0,False
828,Shane Sanders,Female,85.0,18.0,85.0,2.0,Medium,85.0,4.7,95.0,False
829,Felicia Cline,Female,85.0,10.0,78.0,1.0,High,90.0,1.1,80.0,False
830,Jennifer Clark,Female,78.0,18.0,77.85527876631079,1.0,Medium,85.0,0.6,92.0,True
831,Miss Carla Coleman MD,Female,95.0,30.0,86.0,2.0,Low,90.0,1.2,67.0,True
832,William Nelson,Male,90.0,10.0,86.0,2.0,High,88.0,2.439415204678362,91.0,True
833,Crystal Brown,Female,90.0,20.0,70.0,3.0,Medium,85.0,3.6,98.0,True
834,Erica Miller,Male,85.0,10.0,90.0,0.0,Low,85.0,4.5,98.0,False
835,Unknown,Female,90.0,8.0,85.0,1.0,Medium,72.0,4.7,82.0,True
836,Erica Miller,Male,78.0,22.0,90.0,3.0,Low,80.0,4.4,100.0,False
837,Wesley May,Female,88.0,25.0,82.0,2.0,Low,87.0,0.9,52.0,True
838,Christopher Atkinson,Male,78.0,18.0,65.0,2.0,High,92.0,4.9,63.0,True
839,Blake Martinez,Female,91.0,30.0,88.0,2.0,Low,72.0,1.3,58.0,False
840,Mary Ramos,Female,91.0,12.0,90.0,1.0,High,90.0,1.3,87.0,False
841,Colleen Sanchez,Female,92.0,8.0,88.0,0.0,Medium,87.0,2.5,79.0,True
842,David Cruz,Male,91.0,17.0,65.0,1.0,High,85.0,0.8,61.0,False
843,Ralph Becker,Male,78.0,20.0,60.0,3.0,Medium,62.0,0.5,83.0,True
844,Denise Coleman,Male,70.0,8.0,78.0,2.0,High,80.0,0.7,99.0,True
845,Unknown,Male,91.0,15.0,78.0,2.0,Low,90.0,4.3,55.0,True
846,Samantha Mendoza,Female,91.0,17.52289156626506,65.0,2.0,Medium,78.0,0.8,53.0,False
847,Sean Lyons,Male,85.45303210463733,15.0,85.0,2.0,Medium,80.44100119189511,2.6,76.0,True
848,Anthony Smith,Male,85.0,25.0,60.0,0.0,High,90.0,3.3,64.0,False
849,Kristi Price,Male,85.0,22.0,65.0,0.0,Medium,72.0,1.7,61.0,False
850,Alex Douglas,Female,91.0,18.0,88.0,2.0,Medium,78.0,3.3,66.0,True
851,Ian Mcdonald,Male,78.0,30.0,65.0,0.0,Medium,78.0,4.1,57.0,False
852,David Bauer,Male,90.0,30.0,65.0,0.0,Medium,90.0,1.6,77.0,False
853,Linda Beasley,Male,91.0,8.0,70.0,3.0,Low,92.0,3.5,65.0,False
854,Maria Edwards,Male,85.0,17.52289156626506,70.0,1.0,High,87.0,0.3,72.0,False
855,Megan Hutchinson,Female,85.0,10.0,70.0,0.0,High,92.0,4.1,53.0,True
856,Thomas Freeman,Male,78.0,30.0,65.0,2.0,High,87.0,0.1,76.0,True
857,Holly Leon,Male,78.0,15.0,78.0,3.0,High,72.0,2.439415204678362,76.40572792362768,False
858,Travis Pierce,Female,91.0,12.0,82.0,3.0,Medium,68.0,1.4,55.0,False
859,Kristen Galloway,Female,95.0,8.0,60.0,0.0,High,90.0,3.2,62.0,False
860,Raven Taylor,Male,90.0,30.0,86.0,1.0,High,92.0,1.4,84.0,True
861,Christina Johnson,Male,91.0,22.0,78.0,3.0,High,80.0,0.2,55.0,False
862,Jessica Davies,Female,82.0,20.0,70.0,0.0,High,88.0,4.0,76.40572792362768,True
863,Daniel Sullivan,Male,78.0,17.0,85.0,2.0,Low,92.0,4.4,93.0,True
864,Richard Franklin,Female,85.0,10.0,88.0,2.0,Medium,88.0,4.3,77.0,True
865,Samantha Klein,Male,92.0,22.0,86.0,2.0,High,88.0,3.1,81.0,True
866,Becky Perkins,Male,88.0,12.0,85.0,1.0,High,78.0,1.6,68.0,True
867,Kimberly Pena,Female,91.0,30.0,88.0,2.0,High,68.0,3.6,79.0,False
868,Anna Martinez,Male,85.0,30.0,70.0,3.0,Medium,90.0,0.4,76.0,False
869,Monica Johnson,Female,90.0,25.0,60.0,1.0,Low,87.0,1.7,79.0,False
870,Shannon Porter,Male,78.0,20.0,60.0,0.0,High,62.0,1.6,70.0,False
871,Amy Stout,Female,91.0,17.52289156626506,86.0,0.0,High,90.0,3.9,80.0,True
872,Unknown,Male,85.0,8.0,82.0,2.0,Low,68.0,0.4,54.0,False
873,Joseph Sherman,Male,88.0,17.0,60.0,2.0,High,85.0,0.9,53.0,True
874,Maria Walls,Female,88.0,10.0,90.0,1.0,Medium,80.44100119189511,2.4,94.0,True
